[debug] [2026-06-14T02:22:04.364Z] ----------------------------------------------------------------------
[debug] [2026-06-14T02:22:04.365Z] Command:       C:\Program Files\nodejs\node.exe C:\Users\sean\AppData\Roaming\npm\node_modules\firebase-tools\lib\bin\firebase.js functions:list --project ridermind-f546f
[debug] [2026-06-14T02:22:04.366Z] CLI Version:   15.19.1
[debug] [2026-06-14T02:22:04.366Z] Platform:      win32
[debug] [2026-06-14T02:22:04.366Z] Node Version:  v24.13.0
[debug] [2026-06-14T02:22:04.366Z] Time:          Sun Jun 14 2026 10:22:04 GMT+0800 (Philippine Standard Time)
[debug] [2026-06-14T02:22:04.366Z] ----------------------------------------------------------------------
[debug] 
[debug] [2026-06-14T02:22:04.503Z] > command requires scopes: ["email","openid","https://www.googleapis.com/auth/cloudplatformprojects.readonly","https://www.googleapis.com/auth/firebase","https://www.googleapis.com/auth/cloud-platform"]
[debug] [2026-06-14T02:22:04.504Z] > authorizing via signed-in user (kcseancalinao@gmail.com)
[debug] [2026-06-14T02:22:04.504Z] [iam] checking project ridermind-f546f for permissions ["cloudfunctions.functions.list","firebase.projects.get","run.services.list"]
[debug] [2026-06-14T02:22:04.505Z] Checked if tokens are valid: true, expires at: 1781406997281
[debug] [2026-06-14T02:22:04.505Z] Checked if tokens are valid: true, expires at: 1781406997281
[debug] [2026-06-14T02:22:04.506Z] >>> [apiv2][query] POST https://cloudresourcemanager.googleapis.com/v1/projects/ridermind-f546f:testIamPermissions [none]
[debug] [2026-06-14T02:22:04.506Z] >>> [apiv2][(partial)header] POST https://cloudresourcemanager.googleapis.com/v1/projects/ridermind-f546f:testIamPermissions  x-goog-user-project=ridermind-f546f
[debug] [2026-06-14T02:22:04.507Z] >>> [apiv2][body] POST https://cloudresourcemanager.googleapis.com/v1/projects/ridermind-f546f:testIamPermissions {"permissions":["cloudfunctions.functions.list","firebase.projects.get","run.services.list"]}
[debug] [2026-06-14T02:22:05.334Z] *** [apiv2] error from fetch(https://cloudresourcemanager.googleapis.com/v1/projects/ridermind-f546f:testIamPermissions, {"headers":{},"method":"POST","body":"{\"permissions\":[\"cloudfunctions.functions.list\",\"firebase.projects.get\",\"run.services.list\"]}"}): FetchError: request to https://cloudresourcemanager.googleapis.com/v1/projects/ridermind-f546f:testIamPermissions failed, reason: unable to verify the first certificate; if the root CA is installed locally, try running Node.js with --use-system-ca
[debug] [2026-06-14T02:22:05.334Z] [iam] error while checking permissions, command may fail: Failed to make request to https://cloudresourcemanager.googleapis.com/v1/projects/ridermind-f546f:testIamPermissions
[debug] [2026-06-14T02:22:05.335Z] Checked if tokens are valid: true, expires at: 1781406997281
[debug] [2026-06-14T02:22:05.335Z] Checked if tokens are valid: true, expires at: 1781406997281
[debug] [2026-06-14T02:22:05.335Z] >>> [apiv2][query] GET https://cloudfunctions.googleapis.com/v1/projects/ridermind-f546f/locations/-/functions [none]
[debug] [2026-06-14T02:22:05.781Z] *** [apiv2] error from fetch(https://cloudfunctions.googleapis.com/v1/projects/ridermind-f546f/locations/-/functions, {"headers":{},"method":"GET"}): FetchError: request to https://cloudfunctions.googleapis.com/v1/projects/ridermind-f546f/locations/-/functions failed, reason: unable to verify the first certificate; if the root CA is installed locally, try running Node.js with --use-system-ca
[debug] [2026-06-14T02:22:05.782Z] [functions] failed to list functions for ridermind-f546f
[debug] [2026-06-14T02:22:05.782Z] [functions] Failed to make request to https://cloudfunctions.googleapis.com/v1/projects/ridermind-f546f/locations/-/functions
[debug] [2026-06-14T02:22:05.783Z] FirebaseError: Failed to make request to https://cloudfunctions.googleapis.com/v1/projects/ridermind-f546f/locations/-/functions
    at RetryOperation._fn (C:\Users\sean\AppData\Roaming\npm\node_modules\firebase-tools\lib\apiv2.js:282:31)
    at process.processTicksAndRejections (node:internal/process/task_queues:103:5)
[error] 
[error] Error: Failed to list functions for ridermind-f546f
[debug] [2026-06-14T02:22:20.997Z] ----------------------------------------------------------------------
[debug] [2026-06-14T02:22:20.999Z] Command:       C:\Program Files\nodejs\node.exe C:\Users\sean\AppData\Roaming\npm\node_modules\firebase-tools\lib\bin\firebase.js functions:list --project ridermind-f546f
[debug] [2026-06-14T02:22:20.999Z] CLI Version:   15.19.1
[debug] [2026-06-14T02:22:20.999Z] Platform:      win32
[debug] [2026-06-14T02:22:20.999Z] Node Version:  v24.13.0
[debug] [2026-06-14T02:22:20.999Z] Time:          Sun Jun 14 2026 10:22:20 GMT+0800 (Philippine Standard Time)
[debug] [2026-06-14T02:22:20.999Z] ----------------------------------------------------------------------
[debug] 
[debug] [2026-06-14T02:22:21.138Z] > command requires scopes: ["email","openid","https://www.googleapis.com/auth/cloudplatformprojects.readonly","https://www.googleapis.com/auth/firebase","https://www.googleapis.com/auth/cloud-platform"]
[debug] [2026-06-14T02:22:21.139Z] > authorizing via signed-in user (kcseancalinao@gmail.com)
[debug] [2026-06-14T02:22:21.139Z] [iam] checking project ridermind-f546f for permissions ["cloudfunctions.functions.list","firebase.projects.get","run.services.list"]
[debug] [2026-06-14T02:22:21.140Z] Checked if tokens are valid: true, expires at: 1781406997281
[debug] [2026-06-14T02:22:21.141Z] Checked if tokens are valid: true, expires at: 1781406997281
[debug] [2026-06-14T02:22:21.142Z] >>> [apiv2][query] POST https://cloudresourcemanager.googleapis.com/v1/projects/ridermind-f546f:testIamPermissions [none]
[debug] [2026-06-14T02:22:21.142Z] >>> [apiv2][(partial)header] POST https://cloudresourcemanager.googleapis.com/v1/projects/ridermind-f546f:testIamPermissions  x-goog-user-project=ridermind-f546f
[debug] [2026-06-14T02:22:21.142Z] >>> [apiv2][body] POST https://cloudresourcemanager.googleapis.com/v1/projects/ridermind-f546f:testIamPermissions {"permissions":["cloudfunctions.functions.list","firebase.projects.get","run.services.list"]}
[debug] [2026-06-14T02:22:22.218Z] <<< [apiv2][status] POST https://cloudresourcemanager.googleapis.com/v1/projects/ridermind-f546f:testIamPermissions 200
[debug] [2026-06-14T02:22:22.218Z] <<< [apiv2][body] POST https://cloudresourcemanager.googleapis.com/v1/projects/ridermind-f546f:testIamPermissions {"permissions":["cloudfunctions.functions.list","firebase.projects.get","run.services.list"]}
[debug] [2026-06-14T02:22:22.218Z] Checked if tokens are valid: true, expires at: 1781406997281
[debug] [2026-06-14T02:22:22.219Z] Checked if tokens are valid: true, expires at: 1781406997281
[debug] [2026-06-14T02:22:22.219Z] >>> [apiv2][query] GET https://cloudfunctions.googleapis.com/v1/projects/ridermind-f546f/locations/-/functions [none]
[debug] [2026-06-14T02:22:23.186Z] <<< [apiv2][status] GET https://cloudfunctions.googleapis.com/v1/projects/ridermind-f546f/locations/-/functions 200
[debug] [2026-06-14T02:22:23.186Z] <<< [apiv2][body] GET https://cloudfunctions.googleapis.com/v1/projects/ridermind-f546f/locations/-/functions {}
[debug] [2026-06-14T02:22:23.186Z] Checked if tokens are valid: true, expires at: 1781406997281
[debug] [2026-06-14T02:22:23.186Z] Checked if tokens are valid: true, expires at: 1781406997281
[debug] [2026-06-14T02:22:23.186Z] >>> [apiv2][query] GET https://cloudfunctions.googleapis.com/v2/projects/ridermind-f546f/locations/-/functions filter=environment%3D%22GEN_2%22
[debug] [2026-06-14T02:22:24.770Z] <<< [apiv2][status] GET https://cloudfunctions.googleapis.com/v2/projects/ridermind-f546f/locations/-/functions 200
[debug] [2026-06-14T02:27:40.853Z] ----------------------------------------------------------------------
[debug] [2026-06-14T02:27:40.855Z] Command:       C:\Program Files\nodejs\node.exe C:\Users\sean\AppData\Roaming\npm\node_modules\firebase-tools\lib\bin\firebase.js deploy --only functions:api --project ridermind-f546f
[debug] [2026-06-14T02:27:40.856Z] CLI Version:   15.19.1
[debug] [2026-06-14T02:27:40.856Z] Platform:      win32
[debug] [2026-06-14T02:27:40.856Z] Node Version:  v24.13.0
[debug] [2026-06-14T02:27:40.856Z] Time:          Sun Jun 14 2026 10:27:40 GMT+0800 (Philippine Standard Time)
[debug] [2026-06-14T02:27:40.856Z] ----------------------------------------------------------------------
[debug] 
[debug] [2026-06-14T02:27:42.812Z] > command requires scopes: ["email","openid","https://www.googleapis.com/auth/cloudplatformprojects.readonly","https://www.googleapis.com/auth/firebase","https://www.googleapis.com/auth/cloud-platform"]
[debug] [2026-06-14T02:27:42.813Z] > authorizing via signed-in user (kcseancalinao@gmail.com)
[debug] [2026-06-14T02:27:42.813Z] [iam] checking project ridermind-f546f for permissions ["cloudfunctions.functions.create","cloudfunctions.functions.delete","cloudfunctions.functions.get","cloudfunctions.functions.list","cloudfunctions.functions.update","cloudfunctions.operations.get","firebase.projects.get"]
[debug] [2026-06-14T02:27:42.814Z] Checked if tokens are valid: true, expires at: 1781406997281
[debug] [2026-06-14T02:27:42.814Z] Checked if tokens are valid: true, expires at: 1781406997281
[debug] [2026-06-14T02:27:42.815Z] >>> [apiv2][query] POST https://cloudresourcemanager.googleapis.com/v1/projects/ridermind-f546f:testIamPermissions [none]
[debug] [2026-06-14T02:27:42.815Z] >>> [apiv2][(partial)header] POST https://cloudresourcemanager.googleapis.com/v1/projects/ridermind-f546f:testIamPermissions  x-goog-user-project=ridermind-f546f
[debug] [2026-06-14T02:27:42.816Z] >>> [apiv2][body] POST https://cloudresourcemanager.googleapis.com/v1/projects/ridermind-f546f:testIamPermissions {"permissions":["cloudfunctions.functions.create","cloudfunctions.functions.delete","cloudfunctions.functions.get","cloudfunctions.functions.list","cloudfunctions.functions.update","cloudfunctions.operations.get","firebase.projects.get"]}
[debug] [2026-06-14T02:27:44.012Z] <<< [apiv2][status] POST https://cloudresourcemanager.googleapis.com/v1/projects/ridermind-f546f:testIamPermissions 200
[debug] [2026-06-14T02:27:44.012Z] <<< [apiv2][body] POST https://cloudresourcemanager.googleapis.com/v1/projects/ridermind-f546f:testIamPermissions {"permissions":["cloudfunctions.functions.create","cloudfunctions.functions.delete","cloudfunctions.functions.get","cloudfunctions.functions.list","cloudfunctions.functions.update","cloudfunctions.operations.get","firebase.projects.get"]}
[debug] [2026-06-14T02:27:44.012Z] Checked if tokens are valid: true, expires at: 1781406997281
[debug] [2026-06-14T02:27:44.012Z] Checked if tokens are valid: true, expires at: 1781406997281
[debug] [2026-06-14T02:27:44.012Z] >>> [apiv2][query] POST https://iam.googleapis.com/v1/projects/ridermind-f546f/serviceAccounts/ridermind-f546f@appspot.gserviceaccount.com:testIamPermissions [none]
[debug] [2026-06-14T02:27:44.013Z] >>> [apiv2][body] POST https://iam.googleapis.com/v1/projects/ridermind-f546f/serviceAccounts/ridermind-f546f@appspot.gserviceaccount.com:testIamPermissions {"permissions":["iam.serviceAccounts.actAs"]}
[debug] [2026-06-14T02:27:45.544Z] <<< [apiv2][status] POST https://iam.googleapis.com/v1/projects/ridermind-f546f/serviceAccounts/ridermind-f546f@appspot.gserviceaccount.com:testIamPermissions 200
[debug] [2026-06-14T02:27:45.545Z] <<< [apiv2][body] POST https://iam.googleapis.com/v1/projects/ridermind-f546f/serviceAccounts/ridermind-f546f@appspot.gserviceaccount.com:testIamPermissions {"permissions":["iam.serviceAccounts.actAs"]}
[info] 
[info] === Deploying to 'ridermind-f546f'...
[info] 
[info] i  deploying functions 
[debug] [2026-06-14T02:27:45.547Z] Checked if tokens are valid: true, expires at: 1781406997281
[debug] [2026-06-14T02:27:45.547Z] Checked if tokens are valid: true, expires at: 1781406997281
[debug] [2026-06-14T02:27:45.547Z] >>> [apiv2][query] GET https://cloudresourcemanager.googleapis.com/v1/projects/ridermind-f546f [none]
[debug] [2026-06-14T02:27:45.795Z] <<< [apiv2][status] GET https://cloudresourcemanager.googleapis.com/v1/projects/ridermind-f546f 200
[debug] [2026-06-14T02:27:45.795Z] <<< [apiv2][body] GET https://cloudresourcemanager.googleapis.com/v1/projects/ridermind-f546f {"projectNumber":"422879281404","projectId":"ridermind-f546f","lifecycleState":"ACTIVE","name":"RiderMind","labels":{"firebase":"enabled","firebase-core":"disabled"},"createTime":"2026-06-11T18:02:22.914Z"}
[info] i  functions: preparing codebase default for deployment 
[info] i  functions: ensuring required API cloudfunctions.googleapis.com is enabled... 
[info] i  functions: ensuring required API cloudbuild.googleapis.com is enabled... 
[info] i  artifactregistry: ensuring required API artifactregistry.googleapis.com is enabled... 
[debug] [2026-06-14T02:27:45.797Z] Checked if tokens are valid: true, expires at: 1781406997281
[debug] [2026-06-14T02:27:45.797Z] Checked if tokens are valid: true, expires at: 1781406997281
[debug] [2026-06-14T02:27:45.798Z] >>> [apiv2][query] GET https://firebase.googleapis.com/v1beta1/projects/ridermind-f546f/adminSdkConfig [none]
[debug] [2026-06-14T02:27:46.976Z] <<< [apiv2][status] GET https://firebase.googleapis.com/v1beta1/projects/ridermind-f546f/adminSdkConfig 200
[debug] [2026-06-14T02:27:46.976Z] <<< [apiv2][body] GET https://firebase.googleapis.com/v1beta1/projects/ridermind-f546f/adminSdkConfig {"projectId":"ridermind-f546f","storageBucket":"ridermind-f546f.firebasestorage.app"}
[debug] [2026-06-14T02:27:46.977Z] Checked if tokens are valid: true, expires at: 1781406997281
[debug] [2026-06-14T02:27:46.977Z] Checked if tokens are valid: true, expires at: 1781406997281
[debug] [2026-06-14T02:27:46.977Z] >>> [apiv2][query] GET https://runtimeconfig.googleapis.com/v1beta1/projects/ridermind-f546f/configs [none]
[debug] [2026-06-14T02:27:47.815Z] <<< [apiv2][status] GET https://runtimeconfig.googleapis.com/v1beta1/projects/ridermind-f546f/configs 200
[debug] [2026-06-14T02:27:47.815Z] <<< [apiv2][body] GET https://runtimeconfig.googleapis.com/v1beta1/projects/ridermind-f546f/configs {}
[debug] [2026-06-14T02:27:47.817Z] Validating nodejs source
[warn] !  functions: Runtime Node.js 20 was deprecated on 2026-04-30 and will be decommissioned on 2026-10-30, after which you will not be able to deploy without upgrading. Consider upgrading now to avoid disruption. See https://cloud.google.com/functions/docs/runtime-support for full details on the lifecycle policy 
[debug] [2026-06-14T02:27:48.805Z] > [functions] package.json contents: {
  "name": "ridermind-functions",
  "description": "Firebase Cloud Functions for RiderMind",
  "type": "module",
  "scripts": {
    "lint": "eslint .",
    "serve": "firebase emulators:start --only functions,firestore,storage,hosting",
    "shell": "firebase functions:shell",
    "start": "npm run shell",
    "deploy": "firebase deploy --only functions",
    "logs": "firebase functions:log"
  },
  "engines": {
    "node": "20"
  },
  "main": "index.js",
  "dependencies": {
    "bcryptjs": "^2.4.3",
    "colors": "^1.4.0",
    "cookie-parser": "^1.4.6",
    "cors": "^2.8.5",
    "dotenv": "^16.4.5",
    "express": "^4.19.2",
    "firebase-admin": "^13.6.0",
    "firebase-functions": "^7.0.0",
    "jsonwebtoken": "^9.0.2",
    "multer": "^2.0.2",
    "nodemailer": "^7.0.10",
    "sharp": "^0.34.4",
    "uuid": "^9.0.0"
  },
  "devDependencies": {
    "eslint": "^8.15.0",
    "firebase-functions-test": "^3.4.1"
  },
  "private": true
}
[debug] [2026-06-14T02:27:48.805Z] Building nodejs source
[info] i  functions: Loading and analyzing source code for codebase default to determine what to deploy 
[debug] [2026-06-14T02:27:48.806Z] Could not find functions.yaml. Must use http discovery
[debug] [2026-06-14T02:27:48.815Z] Found firebase-functions binary at 'C:\Users\sean\Desktop\CODE\WORK\RiderMind\functions\node_modules\.bin\firebase-functions'
[info] Serving at port 8742

[debug] [2026-06-14T02:27:51.442Z] Got response from /__/functions.yaml {"endpoints":{"api":{"availableMemoryMb":512,"timeoutSeconds":60,"minInstances":null,"maxInstances":10,"ingressSettings":null,"concurrency":null,"serviceAccountEmail":null,"vpc":null,"platform":"gcfv2","region":["us-central1"],"labels":{},"httpsTrigger":{},"entryPoint":"api"}},"specVersion":"v1alpha1","requiredAPIs":[],"extensions":{}}
[error] ❌ Email service error: Missing credentials for "PLAIN"

[debug] [2026-06-14T02:27:55.479Z] Checked if tokens are valid: true, expires at: 1781406997281
[debug] [2026-06-14T02:27:55.480Z] Checked if tokens are valid: true, expires at: 1781406997281
[debug] [2026-06-14T02:27:55.480Z] >>> [apiv2][query] GET https://cloudfunctions.googleapis.com/v1/projects/ridermind-f546f/locations/-/functions [none]
[debug] [2026-06-14T02:27:56.511Z] <<< [apiv2][status] GET https://cloudfunctions.googleapis.com/v1/projects/ridermind-f546f/locations/-/functions 200
[debug] [2026-06-14T02:27:56.511Z] <<< [apiv2][body] GET https://cloudfunctions.googleapis.com/v1/projects/ridermind-f546f/locations/-/functions {}
[debug] [2026-06-14T02:27:56.511Z] Checked if tokens are valid: true, expires at: 1781406997281
[debug] [2026-06-14T02:27:56.511Z] Checked if tokens are valid: true, expires at: 1781406997281
[debug] [2026-06-14T02:27:56.511Z] >>> [apiv2][query] GET https://cloudfunctions.googleapis.com/v2/projects/ridermind-f546f/locations/-/functions filter=environment%3D%22GEN_2%22
[debug] [2026-06-14T02:27:57.885Z] <<< [apiv2][status] GET https://cloudfunctions.googleapis.com/v2/projects/ridermind-f546f/locations/-/functions 200
[debug] [2026-06-14T02:27:57.885Z] <<< [apiv2][body] GET https://cloudfunctions.googleapis.com/v2/projects/ridermind-f546f/locations/-/functions {"functions":[{"name":"projects/ridermind-f546f/locations/us-central1/functions/api","buildConfig":{"build":"projects/422879281404/locations/us-central1/builds/675a4894-d3d9-40ab-af3c-60e2ece91005","runtime":"nodejs20","entryPoint":"api","source":{"storageSource":{"bucket":"gcf-v2-sources-422879281404-us-central1","object":"api/function-source.zip","generation":"1781204572614036"}},"environmentVariables":{"GOOGLE_NODE_RUN_SCRIPTS":""},"dockerRepository":"projects/ridermind-f546f/locations/us-central1/repositories/gcf-artifacts","sourceProvenance":{"resolvedStorageSource":{"bucket":"gcf-v2-sources-422879281404-us-central1","object":"api/function-source.zip","generation":"1781204572614036"}},"dockerRegistry":"ARTIFACT_REGISTRY","serviceAccount":"projects/ridermind-f546f/serviceAccounts/422879281404-compute@developer.gserviceaccount.com","automaticUpdatePolicy":{}},"state":"UNKNOWN","updateTime":"2026-06-14T02:17:52.287265471Z","labels":{"deployment-tool":"cli-firebase","firebase-functions-hash":"e18591235becfcbead09edc7205ce0b5da047af3"},"stateMessages":[{"severity":"ERROR","type":"CloudRunServiceNotFound","message":"Cloud Run service projects/ridermind-f546f/locations/us-central1/services/api for the function was not found. The function will not work correctly. Please redeploy."}],"environment":"GEN_2","url":"https://us-central1-ridermind-f546f.cloudfunctions.net/api","createTime":"2026-06-11T19:02:53.278614909Z","satisfiesPzi":true}]}
[info] i  extensions: ensuring required API firebaseextensions.googleapis.com is enabled... 
[debug] [2026-06-14T02:27:57.886Z] > command requires scopes: ["email","openid","https://www.googleapis.com/auth/cloudplatformprojects.readonly","https://www.googleapis.com/auth/firebase","https://www.googleapis.com/auth/cloud-platform"]
[debug] [2026-06-14T02:27:57.886Z] > authorizing via signed-in user (kcseancalinao@gmail.com)
[debug] [2026-06-14T02:27:57.886Z] [iam] checking project ridermind-f546f for permissions ["firebase.projects.get","firebaseextensions.instances.list"]
[debug] [2026-06-14T02:27:57.887Z] Checked if tokens are valid: true, expires at: 1781406997281
[debug] [2026-06-14T02:27:57.887Z] Checked if tokens are valid: true, expires at: 1781406997281
[debug] [2026-06-14T02:27:57.887Z] >>> [apiv2][query] POST https://cloudresourcemanager.googleapis.com/v1/projects/ridermind-f546f:testIamPermissions [none]
[debug] [2026-06-14T02:27:57.887Z] >>> [apiv2][(partial)header] POST https://cloudresourcemanager.googleapis.com/v1/projects/ridermind-f546f:testIamPermissions  x-goog-user-project=ridermind-f546f
[debug] [2026-06-14T02:27:57.887Z] >>> [apiv2][body] POST https://cloudresourcemanager.googleapis.com/v1/projects/ridermind-f546f:testIamPermissions {"permissions":["firebase.projects.get","firebaseextensions.instances.list"]}
[debug] [2026-06-14T02:27:59.113Z] <<< [apiv2][status] POST https://cloudresourcemanager.googleapis.com/v1/projects/ridermind-f546f:testIamPermissions 200
[debug] [2026-06-14T02:27:59.114Z] <<< [apiv2][body] POST https://cloudresourcemanager.googleapis.com/v1/projects/ridermind-f546f:testIamPermissions {"permissions":["firebase.projects.get","firebaseextensions.instances.list"]}
[debug] [2026-06-14T02:27:59.114Z] Checked if tokens are valid: true, expires at: 1781406997281
[debug] [2026-06-14T02:27:59.114Z] Checked if tokens are valid: true, expires at: 1781406997281
[debug] [2026-06-14T02:27:59.114Z] >>> [apiv2][query] GET https://firebaseextensions.googleapis.com/v1beta/projects/ridermind-f546f/instances pageSize=100&pageToken=
[debug] [2026-06-14T02:28:01.205Z] <<< [apiv2][status] GET https://firebaseextensions.googleapis.com/v1beta/projects/ridermind-f546f/instances 200
[debug] [2026-06-14T02:28:01.205Z] <<< [apiv2][body] GET https://firebaseextensions.googleapis.com/v1beta/projects/ridermind-f546f/instances {}
[info] i  functions: preparing functions directory for uploading... 
[info] i  functions: packaged C:\Users\sean\Desktop\CODE\WORK\RiderMind\functions (192.66 KB) for uploading 
[info] i  functions: ensuring required API run.googleapis.com is enabled... 
[info] i  functions: ensuring required API eventarc.googleapis.com is enabled... 
[info] i  functions: ensuring required API pubsub.googleapis.com is enabled... 
[info] i  functions: ensuring required API storage.googleapis.com is enabled... 
[info] i  functions: generating the service identity for pubsub.googleapis.com... 
[debug] [2026-06-14T02:28:01.340Z] Checked if tokens are valid: true, expires at: 1781406997281
[debug] [2026-06-14T02:28:01.340Z] Checked if tokens are valid: true, expires at: 1781406997281
[info] i  functions: generating the service identity for eventarc.googleapis.com... 
[debug] [2026-06-14T02:28:01.340Z] Checked if tokens are valid: true, expires at: 1781406997281
[debug] [2026-06-14T02:28:01.341Z] Checked if tokens are valid: true, expires at: 1781406997281
[debug] [2026-06-14T02:28:01.341Z] >>> [apiv2][query] POST https://serviceusage.googleapis.com/v1beta1/projects/422879281404/services/pubsub.googleapis.com:generateServiceIdentity [none]
[debug] [2026-06-14T02:28:01.341Z] >>> [apiv2][(partial)header] POST https://serviceusage.googleapis.com/v1beta1/projects/422879281404/services/pubsub.googleapis.com:generateServiceIdentity  x-goog-user-project=422879281404
[debug] [2026-06-14T02:28:01.341Z] >>> [apiv2][body] POST https://serviceusage.googleapis.com/v1beta1/projects/422879281404/services/pubsub.googleapis.com:generateServiceIdentity {}
[debug] [2026-06-14T02:28:01.342Z] >>> [apiv2][query] POST https://serviceusage.googleapis.com/v1beta1/projects/422879281404/services/eventarc.googleapis.com:generateServiceIdentity [none]
[debug] [2026-06-14T02:28:01.342Z] >>> [apiv2][(partial)header] POST https://serviceusage.googleapis.com/v1beta1/projects/422879281404/services/eventarc.googleapis.com:generateServiceIdentity  x-goog-user-project=422879281404
[debug] [2026-06-14T02:28:01.342Z] >>> [apiv2][body] POST https://serviceusage.googleapis.com/v1beta1/projects/422879281404/services/eventarc.googleapis.com:generateServiceIdentity {}
[debug] [2026-06-14T02:28:02.917Z] <<< [apiv2][status] POST https://serviceusage.googleapis.com/v1beta1/projects/422879281404/services/pubsub.googleapis.com:generateServiceIdentity 200
[debug] [2026-06-14T02:28:02.917Z] <<< [apiv2][body] POST https://serviceusage.googleapis.com/v1beta1/projects/422879281404/services/pubsub.googleapis.com:generateServiceIdentity {"name":"operations/finished.DONE_OPERATION","done":true,"response":{"@type":"type.googleapis.com/google.api.serviceusage.v1beta1.ServiceIdentity","email":"service-422879281404@gcp-sa-pubsub.iam.gserviceaccount.com","uniqueId":"110046256282637913242"}}
[debug] [2026-06-14T02:28:02.980Z] <<< [apiv2][status] POST https://serviceusage.googleapis.com/v1beta1/projects/422879281404/services/eventarc.googleapis.com:generateServiceIdentity 200
[debug] [2026-06-14T02:28:02.980Z] <<< [apiv2][body] POST https://serviceusage.googleapis.com/v1beta1/projects/422879281404/services/eventarc.googleapis.com:generateServiceIdentity {"name":"operations/finished.DONE_OPERATION","done":true,"response":{"@type":"type.googleapis.com/google.api.serviceusage.v1beta1.ServiceIdentity","email":"service-422879281404@gcp-sa-eventarc.iam.gserviceaccount.com","uniqueId":"117827715401854033188"}}
[debug] [2026-06-14T02:28:02.982Z] Checked if tokens are valid: true, expires at: 1781406997281
[debug] [2026-06-14T02:28:02.983Z] Checked if tokens are valid: true, expires at: 1781406997281
[debug] [2026-06-14T02:28:02.983Z] >>> [apiv2][query] GET https://cloudresourcemanager.googleapis.com/v1/projects/ridermind-f546f [none]
[debug] [2026-06-14T02:28:03.220Z] <<< [apiv2][status] GET https://cloudresourcemanager.googleapis.com/v1/projects/ridermind-f546f 200
[debug] [2026-06-14T02:28:03.220Z] <<< [apiv2][body] GET https://cloudresourcemanager.googleapis.com/v1/projects/ridermind-f546f {"projectNumber":"422879281404","projectId":"ridermind-f546f","lifecycleState":"ACTIVE","name":"RiderMind","labels":{"firebase":"enabled","firebase-core":"disabled"},"createTime":"2026-06-11T18:02:22.914Z"}
[debug] [2026-06-14T02:28:03.221Z] Checked if tokens are valid: true, expires at: 1781406997281
[debug] [2026-06-14T02:28:03.221Z] Checked if tokens are valid: true, expires at: 1781406997281
[debug] [2026-06-14T02:28:03.221Z] >>> [apiv2][query] GET https://compute.googleapis.com/compute/v1/projects/422879281404 [none]
[debug] [2026-06-14T02:28:03.893Z] <<< [apiv2][status] GET https://compute.googleapis.com/compute/v1/projects/422879281404 403
[debug] [2026-06-14T02:28:03.893Z] <<< [apiv2][body] GET https://compute.googleapis.com/compute/v1/projects/422879281404 {"error":{"code":403,"message":"Compute Engine API has not been used in project 422879281404 before or it is disabled. Enable it by visiting https://console.developers.google.com/apis/api/compute.googleapis.com/overview?project=422879281404 then retry. If you enabled this API recently, wait a few minutes for the action to propagate to our systems and retry.","errors":[{"message":"Compute Engine API has not been used in project 422879281404 before or it is disabled. Enable it by visiting https://console.developers.google.com/apis/api/compute.googleapis.com/overview?project=422879281404 then retry. If you enabled this API recently, wait a few minutes for the action to propagate to our systems and retry.","domain":"usageLimits","reason":"accessNotConfigured","extendedHelp":"https://console.developers.google.com"}],"status":"PERMISSION_DENIED","details":[{"@type":"type.googleapis.com/google.rpc.ErrorInfo","reason":"SERVICE_DISABLED","domain":"googleapis.com","metadata":{"consumer":"projects/422879281404","serviceTitle":"Compute Engine API","containerInfo":"422879281404","service":"compute.googleapis.com","activationUrl":"https://console.developers.google.com/apis/api/compute.googleapis.com/overview?project=422879281404"}},{"@type":"type.googleapis.com/google.rpc.LocalizedMessage","locale":"en-US","message":"Compute Engine API has not been used in project 422879281404 before or it is disabled. Enable it by visiting https://console.developers.google.com/apis/api/compute.googleapis.com/overview?project=422879281404 then retry. If you enabled this API recently, wait a few minutes for the action to propagate to our systems and retry."},{"@type":"type.googleapis.com/google.rpc.Help","links":[{"description":"Google developers console API activation","url":"https://console.developers.google.com/apis/api/compute.googleapis.com/overview?project=422879281404"}]}]}}
[debug] [2026-06-14T02:28:03.894Z] unable to look up default compute service account. Falling back to 422879281404-compute@developer.gserviceaccount.com. Error: {"name":"FirebaseError","children":[],"context":{"body":{"error":{"code":403,"message":"Compute Engine API has not been used in project 422879281404 before or it is disabled. Enable it by visiting https://console.developers.google.com/apis/api/compute.googleapis.com/overview?project=422879281404 then retry. If you enabled this API recently, wait a few minutes for the action to propagate to our systems and retry.","errors":[{"message":"Compute Engine API has not been used in project 422879281404 before or it is disabled. Enable it by visiting https://console.developers.google.com/apis/api/compute.googleapis.com/overview?project=422879281404 then retry. If you enabled this API recently, wait a few minutes for the action to propagate to our systems and retry.","domain":"usageLimits","reason":"accessNotConfigured","extendedHelp":"https://console.developers.google.com"}],"status":"PERMISSION_DENIED","details":[{"@type":"type.googleapis.com/google.rpc.ErrorInfo","reason":"SERVICE_DISABLED","domain":"googleapis.com","metadata":{"consumer":"projects/422879281404","serviceTitle":"Compute Engine API","containerInfo":"422879281404","service":"compute.googleapis.com","activationUrl":"https://console.developers.google.com/apis/api/compute.googleapis.com/overview?project=422879281404"}},{"@type":"type.googleapis.com/google.rpc.LocalizedMessage","locale":"en-US","message":"Compute Engine API has not been used in project 422879281404 before or it is disabled. Enable it by visiting https://console.developers.google.com/apis/api/compute.googleapis.com/overview?project=422879281404 then retry. If you enabled this API recently, wait a few minutes for the action to propagate to our systems and retry."},{"@type":"type.googleapis.com/google.rpc.Help","links":[{"description":"Google developers console API activation","url":"https://console.developers.google.com/apis/api/compute.googleapis.com/overview?project=422879281404"}]}]}},"response":{"statusCode":403}},"exit":1,"message":"Request to https://compute.googleapis.com/compute/v1/projects/422879281404 had HTTP Error: 403, Compute Engine API has not been used in project 422879281404 before or it is disabled. Enable it by visiting https://console.developers.google.com/apis/api/compute.googleapis.com/overview?project=422879281404 then retry. If you enabled this API recently, wait a few minutes for the action to propagate to our systems and retry.","status":403}
[debug] [2026-06-14T02:28:03.894Z] Checked if tokens are valid: true, expires at: 1781406997281
[debug] [2026-06-14T02:28:03.894Z] Checked if tokens are valid: true, expires at: 1781406997281
[debug] [2026-06-14T02:28:03.894Z] >>> [apiv2][query] GET https://compute.googleapis.com/compute/v1/projects/422879281404 [none]
[debug] [2026-06-14T02:28:04.178Z] <<< [apiv2][status] GET https://compute.googleapis.com/compute/v1/projects/422879281404 403
[debug] [2026-06-14T02:28:04.179Z] <<< [apiv2][body] GET https://compute.googleapis.com/compute/v1/projects/422879281404 {"error":{"code":403,"message":"Compute Engine API has not been used in project 422879281404 before or it is disabled. Enable it by visiting https://console.developers.google.com/apis/api/compute.googleapis.com/overview?project=422879281404 then retry. If you enabled this API recently, wait a few minutes for the action to propagate to our systems and retry.","errors":[{"message":"Compute Engine API has not been used in project 422879281404 before or it is disabled. Enable it by visiting https://console.developers.google.com/apis/api/compute.googleapis.com/overview?project=422879281404 then retry. If you enabled this API recently, wait a few minutes for the action to propagate to our systems and retry.","domain":"usageLimits","reason":"accessNotConfigured","extendedHelp":"https://console.developers.google.com"}],"status":"PERMISSION_DENIED","details":[{"@type":"type.googleapis.com/google.rpc.ErrorInfo","reason":"SERVICE_DISABLED","domain":"googleapis.com","metadata":{"service":"compute.googleapis.com","activationUrl":"https://console.developers.google.com/apis/api/compute.googleapis.com/overview?project=422879281404","serviceTitle":"Compute Engine API","consumer":"projects/422879281404","containerInfo":"422879281404"}},{"@type":"type.googleapis.com/google.rpc.LocalizedMessage","locale":"en-US","message":"Compute Engine API has not been used in project 422879281404 before or it is disabled. Enable it by visiting https://console.developers.google.com/apis/api/compute.googleapis.com/overview?project=422879281404 then retry. If you enabled this API recently, wait a few minutes for the action to propagate to our systems and retry."},{"@type":"type.googleapis.com/google.rpc.Help","links":[{"description":"Google developers console API activation","url":"https://console.developers.google.com/apis/api/compute.googleapis.com/overview?project=422879281404"}]}]}}
[debug] [2026-06-14T02:28:04.179Z] unable to look up default compute service account. Falling back to 422879281404-compute@developer.gserviceaccount.com. Error: {"name":"FirebaseError","children":[],"context":{"body":{"error":{"code":403,"message":"Compute Engine API has not been used in project 422879281404 before or it is disabled. Enable it by visiting https://console.developers.google.com/apis/api/compute.googleapis.com/overview?project=422879281404 then retry. If you enabled this API recently, wait a few minutes for the action to propagate to our systems and retry.","errors":[{"message":"Compute Engine API has not been used in project 422879281404 before or it is disabled. Enable it by visiting https://console.developers.google.com/apis/api/compute.googleapis.com/overview?project=422879281404 then retry. If you enabled this API recently, wait a few minutes for the action to propagate to our systems and retry.","domain":"usageLimits","reason":"accessNotConfigured","extendedHelp":"https://console.developers.google.com"}],"status":"PERMISSION_DENIED","details":[{"@type":"type.googleapis.com/google.rpc.ErrorInfo","reason":"SERVICE_DISABLED","domain":"googleapis.com","metadata":{"service":"compute.googleapis.com","activationUrl":"https://console.developers.google.com/apis/api/compute.googleapis.com/overview?project=422879281404","serviceTitle":"Compute Engine API","consumer":"projects/422879281404","containerInfo":"422879281404"}},{"@type":"type.googleapis.com/google.rpc.LocalizedMessage","locale":"en-US","message":"Compute Engine API has not been used in project 422879281404 before or it is disabled. Enable it by visiting https://console.developers.google.com/apis/api/compute.googleapis.com/overview?project=422879281404 then retry. If you enabled this API recently, wait a few minutes for the action to propagate to our systems and retry."},{"@type":"type.googleapis.com/google.rpc.Help","links":[{"description":"Google developers console API activation","url":"https://console.developers.google.com/apis/api/compute.googleapis.com/overview?project=422879281404"}]}]}},"response":{"statusCode":403}},"exit":1,"message":"Request to https://compute.googleapis.com/compute/v1/projects/422879281404 had HTTP Error: 403, Compute Engine API has not been used in project 422879281404 before or it is disabled. Enable it by visiting https://console.developers.google.com/apis/api/compute.googleapis.com/overview?project=422879281404 then retry. If you enabled this API recently, wait a few minutes for the action to propagate to our systems and retry.","status":403}
[debug] [2026-06-14T02:28:04.179Z] Checked if tokens are valid: true, expires at: 1781406997281
[debug] [2026-06-14T02:28:04.180Z] Checked if tokens are valid: true, expires at: 1781406997281
[debug] [2026-06-14T02:28:04.180Z] >>> [apiv2][query] GET https://cloudbilling.googleapis.com/v1/projects/ridermind-f546f/billingInfo [none]
[debug] [2026-06-14T02:28:05.534Z] <<< [apiv2][status] GET https://cloudbilling.googleapis.com/v1/projects/ridermind-f546f/billingInfo 200
[debug] [2026-06-14T02:28:05.534Z] <<< [apiv2][body] GET https://cloudbilling.googleapis.com/v1/projects/ridermind-f546f/billingInfo {"name":"projects/ridermind-f546f/billingInfo","projectId":"ridermind-f546f","billingAccountName":"billingAccounts/01936B-CC1317-C92503","billingEnabled":true}
[debug] [2026-06-14T02:28:05.535Z] Checked if tokens are valid: true, expires at: 1781406997281
[debug] [2026-06-14T02:28:05.535Z] Checked if tokens are valid: true, expires at: 1781406997281
[debug] [2026-06-14T02:28:05.536Z] >>> [apiv2][query] POST https://cloudfunctions.googleapis.com/v2/projects/ridermind-f546f/locations/us-central1/functions:generateUploadUrl [none]
[debug] [2026-06-14T02:28:07.148Z] <<< [apiv2][status] POST https://cloudfunctions.googleapis.com/v2/projects/ridermind-f546f/locations/us-central1/functions:generateUploadUrl 200
[debug] [2026-06-14T02:28:07.148Z] <<< [apiv2][body] POST https://cloudfunctions.googleapis.com/v2/projects/ridermind-f546f/locations/us-central1/functions:generateUploadUrl {"uploadUrl":"https://storage.googleapis.com/gcf-v2-uploads-422879281404.us-central1.cloudfunctions.appspot.com/516b88b7-6e32-41df-8647-8594594090d0.zip?GoogleAccessId=service-422879281404@gcf-admin-robot.iam.gserviceaccount.com&Expires=1781405890&Signature=smewaaFMiLPeQ%2Fg6kdeaLhzjjIMibMUOuZRalNXFmOt7Yy3X5iIfKkl54hBENw2Bscc3Ay0AO4%2Fre%2FFbKIds9QJ8%2BLheVvJXfY%2BGHfP3kOFHQatTl%2Bcjm2B6pj73UlC6%2BMuvwzqhsr2ICeg1KTMBYiof%2FDtk4hbpQNtS%2BBgUu42uiGVhoDYYaSsAL4LhUOFPEMrfjb8Y1xeLBTqDut%2Bf0CqEa4khnEEyPKDOvUA2Q6fkJVp2xR3Trd00CwThhebcYNhl1Aog3t0ZEN2cOOVBJ1EvMDEA0d7eYW3bjZrCJrVLcIaCGABPaQUg2DljZW%2BGTlm98Wjz1O9%2BAOtXe%2BE9zw%3D%3D","storageSource":{"bucket":"gcf-v2-uploads-422879281404.us-central1.cloudfunctions.appspot.com","object":"516b88b7-6e32-41df-8647-8594594090d0.zip"}}
[debug] [2026-06-14T02:28:07.150Z] >>> [apiv2][query] PUT https://storage.googleapis.com/gcf-v2-uploads-422879281404.us-central1.cloudfunctions.appspot.com/516b88b7-6e32-41df-8647-8594594090d0.zip GoogleAccessId=service-422879281404%40gcf-admin-robot.iam.gserviceaccount.com&Expires=1781405890&Signature=smewaaFMiLPeQ%2Fg6kdeaLhzjjIMibMUOuZRalNXFmOt7Yy3X5iIfKkl54hBENw2Bscc3Ay0AO4%2Fre%2FFbKIds9QJ8%2BLheVvJXfY%2BGHfP3kOFHQatTl%2Bcjm2B6pj73UlC6%2BMuvwzqhsr2ICeg1KTMBYiof%2FDtk4hbpQNtS%2BBgUu42uiGVhoDYYaSsAL4LhUOFPEMrfjb8Y1xeLBTqDut%2Bf0CqEa4khnEEyPKDOvUA2Q6fkJVp2xR3Trd00CwThhebcYNhl1Aog3t0ZEN2cOOVBJ1EvMDEA0d7eYW3bjZrCJrVLcIaCGABPaQUg2DljZW%2BGTlm98Wjz1O9%2BAOtXe%2BE9zw%3D%3D
[debug] [2026-06-14T02:28:07.150Z] >>> [apiv2][body] PUT https://storage.googleapis.com/gcf-v2-uploads-422879281404.us-central1.cloudfunctions.appspot.com/516b88b7-6e32-41df-8647-8594594090d0.zip [stream]
[debug] [2026-06-14T02:28:09.825Z] <<< [apiv2][status] PUT https://storage.googleapis.com/gcf-v2-uploads-422879281404.us-central1.cloudfunctions.appspot.com/516b88b7-6e32-41df-8647-8594594090d0.zip 200
[debug] [2026-06-14T02:28:09.825Z] <<< [apiv2][body] PUT https://storage.googleapis.com/gcf-v2-uploads-422879281404.us-central1.cloudfunctions.appspot.com/516b88b7-6e32-41df-8647-8594594090d0.zip [omitted]
[info] +  functions: functions source uploaded successfully 
[info] i  functions: updating Node.js 20 (2nd Gen) function api(us-central1)... 
[debug] [2026-06-14T02:28:09.828Z] Checked if tokens are valid: true, expires at: 1781406997281
[debug] [2026-06-14T02:28:09.828Z] Checked if tokens are valid: true, expires at: 1781406997281
[debug] [2026-06-14T02:28:09.828Z] >>> [apiv2][query] PATCH https://cloudfunctions.googleapis.com/v2/projects/ridermind-f546f/locations/us-central1/functions/api updateMask=name%2CbuildConfig.runtime%2CbuildConfig.entryPoint%2CbuildConfig.source.storageSource.bucket%2CbuildConfig.source.storageSource.object%2CbuildConfig.environmentVariables%2CbuildConfig.sourceToken%2CserviceConfig.environmentVariables%2CserviceConfig.ingressSettings%2CserviceConfig.timeoutSeconds%2CserviceConfig.serviceAccountEmail%2CserviceConfig.availableMemory%2CserviceConfig.minInstanceCount%2CserviceConfig.maxInstanceCount%2CserviceConfig.maxInstanceRequestConcurrency%2CserviceConfig.availableCpu%2CserviceConfig.vpcConnector%2CserviceConfig.vpcConnectorEgressSettings%2CserviceConfig.directVpcNetworkInterface%2CserviceConfig.directVpcEgress%2Clabels
[debug] [2026-06-14T02:28:09.828Z] >>> [apiv2][body] PATCH https://cloudfunctions.googleapis.com/v2/projects/ridermind-f546f/locations/us-central1/functions/api {"name":"projects/ridermind-f546f/locations/us-central1/functions/api","buildConfig":{"runtime":"nodejs20","entryPoint":"api","source":{"storageSource":{"bucket":"gcf-v2-uploads-422879281404.us-central1.cloudfunctions.appspot.com","object":"516b88b7-6e32-41df-8647-8594594090d0.zip"}},"environmentVariables":{"GOOGLE_NODE_RUN_SCRIPTS":""}},"serviceConfig":{"environmentVariables":{"FIREBASE_CONFIG":"{\"projectId\":\"ridermind-f546f\",\"storageBucket\":\"ridermind-f546f.firebasestorage.app\"}","GCLOUD_PROJECT":"ridermind-f546f","EVENTARC_CLOUD_EVENT_SOURCE":"projects/ridermind-f546f/locations/us-central1/services/api","FUNCTION_TARGET":"api","LOG_EXECUTION_ID":"true"},"ingressSettings":null,"timeoutSeconds":60,"serviceAccountEmail":null,"availableMemory":"512Mi","minInstanceCount":null,"maxInstanceCount":10,"maxInstanceRequestConcurrency":80,"availableCpu":"1","vpcConnector":null,"vpcConnectorEgressSettings":null,"directVpcNetworkInterface":null,"directVpcEgress":null},"labels":{"deployment-tool":"cli-firebase","firebase-functions-hash":"c2dc47a8ebf611425e43c91f53a6235b41932365"}}
[debug] [2026-06-14T02:28:11.865Z] <<< [apiv2][status] PATCH https://cloudfunctions.googleapis.com/v2/projects/ridermind-f546f/locations/us-central1/functions/api 200
[debug] [2026-06-14T02:28:11.865Z] <<< [apiv2][body] PATCH https://cloudfunctions.googleapis.com/v2/projects/ridermind-f546f/locations/us-central1/functions/api {"name":"projects/ridermind-f546f/locations/us-central1/operations/operation-1781404094128-6542d763b60b7-5490a3eb-9c7abd90","metadata":{"@type":"type.googleapis.com/google.cloud.functions.v2.OperationMetadata","createTime":"2026-06-14T02:28:14.939516488Z","target":"projects/ridermind-f546f/locations/us-central1/functions/api","verb":"update","cancelRequested":false,"apiVersion":"v2"},"done":false}
[debug] [2026-06-14T02:28:11.866Z] Checked if tokens are valid: true, expires at: 1781406997281
[debug] [2026-06-14T02:28:11.866Z] Checked if tokens are valid: true, expires at: 1781406997281
[debug] [2026-06-14T02:28:11.867Z] >>> [apiv2][query] GET https://cloudfunctions.googleapis.com/v2/projects/ridermind-f546f/locations/us-central1/operations/operation-1781404094128-6542d763b60b7-5490a3eb-9c7abd90 [none]
[debug] [2026-06-14T02:28:13.098Z] <<< [apiv2][status] GET https://cloudfunctions.googleapis.com/v2/projects/ridermind-f546f/locations/us-central1/operations/operation-1781404094128-6542d763b60b7-5490a3eb-9c7abd90 200
[debug] [2026-06-14T02:28:13.098Z] <<< [apiv2][body] GET https://cloudfunctions.googleapis.com/v2/projects/ridermind-f546f/locations/us-central1/operations/operation-1781404094128-6542d763b60b7-5490a3eb-9c7abd90 {"name":"projects/ridermind-f546f/locations/us-central1/operations/operation-1781404094128-6542d763b60b7-5490a3eb-9c7abd90","metadata":{"@type":"type.googleapis.com/google.cloud.functions.v2.OperationMetadata","createTime":"2026-06-14T02:28:14.939516488Z","target":"projects/ridermind-f546f/locations/us-central1/functions/api","verb":"update","cancelRequested":false,"apiVersion":"v2","requestResource":{"@type":"type.googleapis.com/google.cloud.functions.v2.Function","name":"projects/ridermind-f546f/locations/us-central1/functions/api","buildConfig":{"runtime":"nodejs20","entryPoint":"api","source":{"storageSource":{"bucket":"gcf-v2-sources-422879281404-us-central1","object":"api/function-source.zip","generation":"1781404094887260"}},"environmentVariables":{"GOOGLE_NODE_RUN_SCRIPTS":""},"dockerRepository":"projects/ridermind-f546f/locations/us-central1/repositories/gcf-artifacts","sourceProvenance":{"resolvedStorageSource":{"bucket":"gcf-v2-sources-422879281404-us-central1","object":"api/function-source.zip","generation":"1781204572614036"}},"dockerRegistry":"ARTIFACT_REGISTRY","serviceAccount":"projects/ridermind-f546f/serviceAccounts/422879281404-compute@developer.gserviceaccount.com","automaticUpdatePolicy":{}},"serviceConfig":{"service":"projects/ridermind-f546f/locations/us-central1/services/api","timeoutSeconds":60,"environmentVariables":{"FIREBASE_CONFIG":"{\"projectId\":\"ridermind-f546f\",\"storageBucket\":\"ridermind-f546f.firebasestorage.app\"}","GCLOUD_PROJECT":"ridermind-f546f","EVENTARC_CLOUD_EVENT_SOURCE":"projects/ridermind-f546f/locations/us-central1/services/api","FUNCTION_TARGET":"api","LOG_EXECUTION_ID":"true"},"maxInstanceCount":10,"ingressSettings":"ALLOW_ALL","serviceAccountEmail":"422879281404-compute@developer.gserviceaccount.com","availableMemory":"512Mi","maxInstanceRequestConcurrency":80,"availableCpu":"1"},"state":"UNKNOWN","labels":{"firebase-functions-hash":"c2dc47a8ebf611425e43c91f53a6235b41932365"},"stateMessages":[{"severity":"ERROR","type":"CloudRunServiceNotFound","message":"Cloud Run service projects/ridermind-f546f/locations/us-central1/services/api for the function was not found. The function will not work correctly. Please redeploy."}],"environment":"GEN_2","url":"https://us-central1-ridermind-f546f.cloudfunctions.net/api","satisfiesPzi":true},"stages":[{"name":"BUILD","message":"Build in progress","state":"IN_PROGRESS","resource":"projects/422879281404/locations/us-central1/builds/5c3e2638-7376-45d9-9178-fa052c38f738","resourceUri":"https://console.cloud.google.com/cloud-build/builds;region=us-central1/5c3e2638-7376-45d9-9178-fa052c38f738?project=422879281404"},{"name":"SERVICE","state":"NOT_STARTED"}],"operationType":"UPDATE_FUNCTION","buildName":"projects/422879281404/locations/us-central1/builds/5c3e2638-7376-45d9-9178-fa052c38f738"},"done":false}
[debug] [2026-06-14T02:28:13.611Z] [update-default-us-central1-api] Retrying task index 0
[debug] [2026-06-14T02:28:13.611Z] Checked if tokens are valid: true, expires at: 1781406997281
[debug] [2026-06-14T02:28:13.611Z] Checked if tokens are valid: true, expires at: 1781406997281
[debug] [2026-06-14T02:28:13.612Z] >>> [apiv2][query] GET https://cloudfunctions.googleapis.com/v2/projects/ridermind-f546f/locations/us-central1/operations/operation-1781404094128-6542d763b60b7-5490a3eb-9c7abd90 [none]
[debug] [2026-06-14T02:28:14.737Z] <<< [apiv2][status] GET https://cloudfunctions.googleapis.com/v2/projects/ridermind-f546f/locations/us-central1/operations/operation-1781404094128-6542d763b60b7-5490a3eb-9c7abd90 200
[debug] [2026-06-14T02:28:14.737Z] <<< [apiv2][body] GET https://cloudfunctions.googleapis.com/v2/projects/ridermind-f546f/locations/us-central1/operations/operation-1781404094128-6542d763b60b7-5490a3eb-9c7abd90 {"name":"projects/ridermind-f546f/locations/us-central1/operations/operation-1781404094128-6542d763b60b7-5490a3eb-9c7abd90","metadata":{"@type":"type.googleapis.com/google.cloud.functions.v2.OperationMetadata","createTime":"2026-06-14T02:28:14.939516488Z","target":"projects/ridermind-f546f/locations/us-central1/functions/api","verb":"update","cancelRequested":false,"apiVersion":"v2","requestResource":{"@type":"type.googleapis.com/google.cloud.functions.v2.Function","name":"projects/ridermind-f546f/locations/us-central1/functions/api","buildConfig":{"runtime":"nodejs20","entryPoint":"api","source":{"storageSource":{"bucket":"gcf-v2-sources-422879281404-us-central1","object":"api/function-source.zip","generation":"1781404094887260"}},"environmentVariables":{"GOOGLE_NODE_RUN_SCRIPTS":""},"dockerRepository":"projects/ridermind-f546f/locations/us-central1/repositories/gcf-artifacts","sourceProvenance":{"resolvedStorageSource":{"bucket":"gcf-v2-sources-422879281404-us-central1","object":"api/function-source.zip","generation":"1781204572614036"}},"dockerRegistry":"ARTIFACT_REGISTRY","serviceAccount":"projects/ridermind-f546f/serviceAccounts/422879281404-compute@developer.gserviceaccount.com","automaticUpdatePolicy":{}},"serviceConfig":{"service":"projects/ridermind-f546f/locations/us-central1/services/api","timeoutSeconds":60,"environmentVariables":{"FIREBASE_CONFIG":"{\"projectId\":\"ridermind-f546f\",\"storageBucket\":\"ridermind-f546f.firebasestorage.app\"}","GCLOUD_PROJECT":"ridermind-f546f","EVENTARC_CLOUD_EVENT_SOURCE":"projects/ridermind-f546f/locations/us-central1/services/api","FUNCTION_TARGET":"api","LOG_EXECUTION_ID":"true"},"maxInstanceCount":10,"ingressSettings":"ALLOW_ALL","serviceAccountEmail":"422879281404-compute@developer.gserviceaccount.com","availableMemory":"512Mi","maxInstanceRequestConcurrency":80,"availableCpu":"1"},"state":"UNKNOWN","labels":{"firebase-functions-hash":"c2dc47a8ebf611425e43c91f53a6235b41932365"},"stateMessages":[{"severity":"ERROR","type":"CloudRunServiceNotFound","message":"Cloud Run service projects/ridermind-f546f/locations/us-central1/services/api for the function was not found. The function will not work correctly. Please redeploy."}],"environment":"GEN_2","url":"https://us-central1-ridermind-f546f.cloudfunctions.net/api","satisfiesPzi":true},"stages":[{"name":"BUILD","message":"Build in progress","state":"IN_PROGRESS","resource":"projects/422879281404/locations/us-central1/builds/5c3e2638-7376-45d9-9178-fa052c38f738","resourceUri":"https://console.cloud.google.com/cloud-build/builds;region=us-central1/5c3e2638-7376-45d9-9178-fa052c38f738?project=422879281404"},{"name":"SERVICE","state":"NOT_STARTED"}],"operationType":"UPDATE_FUNCTION","buildName":"projects/422879281404/locations/us-central1/builds/5c3e2638-7376-45d9-9178-fa052c38f738"},"done":false}
[debug] [2026-06-14T02:28:15.748Z] [update-default-us-central1-api] Retrying task index 0
[debug] [2026-06-14T02:28:15.748Z] Checked if tokens are valid: true, expires at: 1781406997281
[debug] [2026-06-14T02:28:15.748Z] Checked if tokens are valid: true, expires at: 1781406997281
[debug] [2026-06-14T02:28:15.749Z] >>> [apiv2][query] GET https://cloudfunctions.googleapis.com/v2/projects/ridermind-f546f/locations/us-central1/operations/operation-1781404094128-6542d763b60b7-5490a3eb-9c7abd90 [none]
[debug] [2026-06-14T02:28:16.882Z] <<< [apiv2][status] GET https://cloudfunctions.googleapis.com/v2/projects/ridermind-f546f/locations/us-central1/operations/operation-1781404094128-6542d763b60b7-5490a3eb-9c7abd90 200
[debug] [2026-06-14T02:28:16.882Z] <<< [apiv2][body] GET https://cloudfunctions.googleapis.com/v2/projects/ridermind-f546f/locations/us-central1/operations/operation-1781404094128-6542d763b60b7-5490a3eb-9c7abd90 {"name":"projects/ridermind-f546f/locations/us-central1/operations/operation-1781404094128-6542d763b60b7-5490a3eb-9c7abd90","metadata":{"@type":"type.googleapis.com/google.cloud.functions.v2.OperationMetadata","createTime":"2026-06-14T02:28:14.939516488Z","target":"projects/ridermind-f546f/locations/us-central1/functions/api","verb":"update","cancelRequested":false,"apiVersion":"v2","requestResource":{"@type":"type.googleapis.com/google.cloud.functions.v2.Function","name":"projects/ridermind-f546f/locations/us-central1/functions/api","buildConfig":{"runtime":"nodejs20","entryPoint":"api","source":{"storageSource":{"bucket":"gcf-v2-sources-422879281404-us-central1","object":"api/function-source.zip","generation":"1781404094887260"}},"environmentVariables":{"GOOGLE_NODE_RUN_SCRIPTS":""},"dockerRepository":"projects/ridermind-f546f/locations/us-central1/repositories/gcf-artifacts","sourceProvenance":{"resolvedStorageSource":{"bucket":"gcf-v2-sources-422879281404-us-central1","object":"api/function-source.zip","generation":"1781204572614036"}},"dockerRegistry":"ARTIFACT_REGISTRY","serviceAccount":"projects/ridermind-f546f/serviceAccounts/422879281404-compute@developer.gserviceaccount.com","automaticUpdatePolicy":{}},"serviceConfig":{"service":"projects/ridermind-f546f/locations/us-central1/services/api","timeoutSeconds":60,"environmentVariables":{"FIREBASE_CONFIG":"{\"projectId\":\"ridermind-f546f\",\"storageBucket\":\"ridermind-f546f.firebasestorage.app\"}","GCLOUD_PROJECT":"ridermind-f546f","EVENTARC_CLOUD_EVENT_SOURCE":"projects/ridermind-f546f/locations/us-central1/services/api","FUNCTION_TARGET":"api","LOG_EXECUTION_ID":"true"},"maxInstanceCount":10,"ingressSettings":"ALLOW_ALL","serviceAccountEmail":"422879281404-compute@developer.gserviceaccount.com","availableMemory":"512Mi","maxInstanceRequestConcurrency":80,"availableCpu":"1"},"state":"UNKNOWN","labels":{"firebase-functions-hash":"c2dc47a8ebf611425e43c91f53a6235b41932365"},"stateMessages":[{"severity":"ERROR","type":"CloudRunServiceNotFound","message":"Cloud Run service projects/ridermind-f546f/locations/us-central1/services/api for the function was not found. The function will not work correctly. Please redeploy."}],"environment":"GEN_2","url":"https://us-central1-ridermind-f546f.cloudfunctions.net/api","satisfiesPzi":true},"stages":[{"name":"BUILD","message":"Build in progress","state":"IN_PROGRESS","resource":"projects/422879281404/locations/us-central1/builds/5c3e2638-7376-45d9-9178-fa052c38f738","resourceUri":"https://console.cloud.google.com/cloud-build/builds;region=us-central1/5c3e2638-7376-45d9-9178-fa052c38f738?project=422879281404"},{"name":"SERVICE","state":"NOT_STARTED"}],"operationType":"UPDATE_FUNCTION","buildName":"projects/422879281404/locations/us-central1/builds/5c3e2638-7376-45d9-9178-fa052c38f738"},"done":false}
[debug] [2026-06-14T02:28:18.887Z] [update-default-us-central1-api] Retrying task index 0
[debug] [2026-06-14T02:28:18.887Z] Checked if tokens are valid: true, expires at: 1781406997281
[debug] [2026-06-14T02:28:18.888Z] Checked if tokens are valid: true, expires at: 1781406997281
[debug] [2026-06-14T02:28:18.888Z] >>> [apiv2][query] GET https://cloudfunctions.googleapis.com/v2/projects/ridermind-f546f/locations/us-central1/operations/operation-1781404094128-6542d763b60b7-5490a3eb-9c7abd90 [none]
[debug] [2026-06-14T02:28:20.002Z] <<< [apiv2][status] GET https://cloudfunctions.googleapis.com/v2/projects/ridermind-f546f/locations/us-central1/operations/operation-1781404094128-6542d763b60b7-5490a3eb-9c7abd90 200
[debug] [2026-06-14T02:28:20.002Z] <<< [apiv2][body] GET https://cloudfunctions.googleapis.com/v2/projects/ridermind-f546f/locations/us-central1/operations/operation-1781404094128-6542d763b60b7-5490a3eb-9c7abd90 {"name":"projects/ridermind-f546f/locations/us-central1/operations/operation-1781404094128-6542d763b60b7-5490a3eb-9c7abd90","metadata":{"@type":"type.googleapis.com/google.cloud.functions.v2.OperationMetadata","createTime":"2026-06-14T02:28:14.939516488Z","target":"projects/ridermind-f546f/locations/us-central1/functions/api","verb":"update","cancelRequested":false,"apiVersion":"v2","requestResource":{"@type":"type.googleapis.com/google.cloud.functions.v2.Function","name":"projects/ridermind-f546f/locations/us-central1/functions/api","buildConfig":{"runtime":"nodejs20","entryPoint":"api","source":{"storageSource":{"bucket":"gcf-v2-sources-422879281404-us-central1","object":"api/function-source.zip","generation":"1781404094887260"}},"environmentVariables":{"GOOGLE_NODE_RUN_SCRIPTS":""},"dockerRepository":"projects/ridermind-f546f/locations/us-central1/repositories/gcf-artifacts","sourceProvenance":{"resolvedStorageSource":{"bucket":"gcf-v2-sources-422879281404-us-central1","object":"api/function-source.zip","generation":"1781204572614036"}},"dockerRegistry":"ARTIFACT_REGISTRY","serviceAccount":"projects/ridermind-f546f/serviceAccounts/422879281404-compute@developer.gserviceaccount.com","automaticUpdatePolicy":{}},"serviceConfig":{"service":"projects/ridermind-f546f/locations/us-central1/services/api","timeoutSeconds":60,"environmentVariables":{"FIREBASE_CONFIG":"{\"projectId\":\"ridermind-f546f\",\"storageBucket\":\"ridermind-f546f.firebasestorage.app\"}","GCLOUD_PROJECT":"ridermind-f546f","EVENTARC_CLOUD_EVENT_SOURCE":"projects/ridermind-f546f/locations/us-central1/services/api","FUNCTION_TARGET":"api","LOG_EXECUTION_ID":"true"},"maxInstanceCount":10,"ingressSettings":"ALLOW_ALL","serviceAccountEmail":"422879281404-compute@developer.gserviceaccount.com","availableMemory":"512Mi","maxInstanceRequestConcurrency":80,"availableCpu":"1"},"state":"UNKNOWN","labels":{"firebase-functions-hash":"c2dc47a8ebf611425e43c91f53a6235b41932365"},"stateMessages":[{"severity":"ERROR","type":"CloudRunServiceNotFound","message":"Cloud Run service projects/ridermind-f546f/locations/us-central1/services/api for the function was not found. The function will not work correctly. Please redeploy."}],"environment":"GEN_2","url":"https://us-central1-ridermind-f546f.cloudfunctions.net/api","satisfiesPzi":true},"stages":[{"name":"BUILD","message":"Build in progress","state":"IN_PROGRESS","resource":"projects/422879281404/locations/us-central1/builds/5c3e2638-7376-45d9-9178-fa052c38f738","resourceUri":"https://console.cloud.google.com/cloud-build/builds;region=us-central1/5c3e2638-7376-45d9-9178-fa052c38f738?project=422879281404"},{"name":"SERVICE","state":"NOT_STARTED"}],"operationType":"UPDATE_FUNCTION","buildName":"projects/422879281404/locations/us-central1/builds/5c3e2638-7376-45d9-9178-fa052c38f738"},"done":false}
[debug] [2026-06-14T02:28:24.011Z] [update-default-us-central1-api] Retrying task index 0
[debug] [2026-06-14T02:28:24.011Z] Checked if tokens are valid: true, expires at: 1781406997281
[debug] [2026-06-14T02:28:24.011Z] Checked if tokens are valid: true, expires at: 1781406997281
[debug] [2026-06-14T02:28:24.012Z] >>> [apiv2][query] GET https://cloudfunctions.googleapis.com/v2/projects/ridermind-f546f/locations/us-central1/operations/operation-1781404094128-6542d763b60b7-5490a3eb-9c7abd90 [none]
[debug] [2026-06-14T02:28:25.177Z] <<< [apiv2][status] GET https://cloudfunctions.googleapis.com/v2/projects/ridermind-f546f/locations/us-central1/operations/operation-1781404094128-6542d763b60b7-5490a3eb-9c7abd90 200
[debug] [2026-06-14T02:28:25.177Z] <<< [apiv2][body] GET https://cloudfunctions.googleapis.com/v2/projects/ridermind-f546f/locations/us-central1/operations/operation-1781404094128-6542d763b60b7-5490a3eb-9c7abd90 {"name":"projects/ridermind-f546f/locations/us-central1/operations/operation-1781404094128-6542d763b60b7-5490a3eb-9c7abd90","metadata":{"@type":"type.googleapis.com/google.cloud.functions.v2.OperationMetadata","createTime":"2026-06-14T02:28:14.939516488Z","target":"projects/ridermind-f546f/locations/us-central1/functions/api","verb":"update","cancelRequested":false,"apiVersion":"v2","requestResource":{"@type":"type.googleapis.com/google.cloud.functions.v2.Function","name":"projects/ridermind-f546f/locations/us-central1/functions/api","buildConfig":{"runtime":"nodejs20","entryPoint":"api","source":{"storageSource":{"bucket":"gcf-v2-sources-422879281404-us-central1","object":"api/function-source.zip","generation":"1781404094887260"}},"environmentVariables":{"GOOGLE_NODE_RUN_SCRIPTS":""},"dockerRepository":"projects/ridermind-f546f/locations/us-central1/repositories/gcf-artifacts","sourceProvenance":{"resolvedStorageSource":{"bucket":"gcf-v2-sources-422879281404-us-central1","object":"api/function-source.zip","generation":"1781204572614036"}},"dockerRegistry":"ARTIFACT_REGISTRY","serviceAccount":"projects/ridermind-f546f/serviceAccounts/422879281404-compute@developer.gserviceaccount.com","automaticUpdatePolicy":{}},"serviceConfig":{"service":"projects/ridermind-f546f/locations/us-central1/services/api","timeoutSeconds":60,"environmentVariables":{"FIREBASE_CONFIG":"{\"projectId\":\"ridermind-f546f\",\"storageBucket\":\"ridermind-f546f.firebasestorage.app\"}","GCLOUD_PROJECT":"ridermind-f546f","EVENTARC_CLOUD_EVENT_SOURCE":"projects/ridermind-f546f/locations/us-central1/services/api","FUNCTION_TARGET":"api","LOG_EXECUTION_ID":"true"},"maxInstanceCount":10,"ingressSettings":"ALLOW_ALL","serviceAccountEmail":"422879281404-compute@developer.gserviceaccount.com","availableMemory":"512Mi","maxInstanceRequestConcurrency":80,"availableCpu":"1"},"state":"UNKNOWN","labels":{"firebase-functions-hash":"c2dc47a8ebf611425e43c91f53a6235b41932365"},"stateMessages":[{"severity":"ERROR","type":"CloudRunServiceNotFound","message":"Cloud Run service projects/ridermind-f546f/locations/us-central1/services/api for the function was not found. The function will not work correctly. Please redeploy."}],"environment":"GEN_2","url":"https://us-central1-ridermind-f546f.cloudfunctions.net/api","satisfiesPzi":true},"stages":[{"name":"BUILD","message":"Build in progress","state":"IN_PROGRESS","resource":"projects/422879281404/locations/us-central1/builds/5c3e2638-7376-45d9-9178-fa052c38f738","resourceUri":"https://console.cloud.google.com/cloud-build/builds;region=us-central1/5c3e2638-7376-45d9-9178-fa052c38f738?project=422879281404"},{"name":"SERVICE","state":"NOT_STARTED"}],"operationType":"UPDATE_FUNCTION","buildName":"projects/422879281404/locations/us-central1/builds/5c3e2638-7376-45d9-9178-fa052c38f738"},"done":false}
[debug] [2026-06-14T02:28:33.188Z] [update-default-us-central1-api] Retrying task index 0
[debug] [2026-06-14T02:28:33.188Z] Checked if tokens are valid: true, expires at: 1781406997281
[debug] [2026-06-14T02:28:33.188Z] Checked if tokens are valid: true, expires at: 1781406997281
[debug] [2026-06-14T02:28:33.189Z] >>> [apiv2][query] GET https://cloudfunctions.googleapis.com/v2/projects/ridermind-f546f/locations/us-central1/operations/operation-1781404094128-6542d763b60b7-5490a3eb-9c7abd90 [none]
[debug] [2026-06-14T02:28:34.501Z] <<< [apiv2][status] GET https://cloudfunctions.googleapis.com/v2/projects/ridermind-f546f/locations/us-central1/operations/operation-1781404094128-6542d763b60b7-5490a3eb-9c7abd90 200
[debug] [2026-06-14T02:28:34.501Z] <<< [apiv2][body] GET https://cloudfunctions.googleapis.com/v2/projects/ridermind-f546f/locations/us-central1/operations/operation-1781404094128-6542d763b60b7-5490a3eb-9c7abd90 {"name":"projects/ridermind-f546f/locations/us-central1/operations/operation-1781404094128-6542d763b60b7-5490a3eb-9c7abd90","metadata":{"@type":"type.googleapis.com/google.cloud.functions.v2.OperationMetadata","createTime":"2026-06-14T02:28:14.939516488Z","target":"projects/ridermind-f546f/locations/us-central1/functions/api","verb":"update","cancelRequested":false,"apiVersion":"v2","requestResource":{"@type":"type.googleapis.com/google.cloud.functions.v2.Function","name":"projects/ridermind-f546f/locations/us-central1/functions/api","buildConfig":{"runtime":"nodejs20","entryPoint":"api","source":{"storageSource":{"bucket":"gcf-v2-sources-422879281404-us-central1","object":"api/function-source.zip","generation":"1781404094887260"}},"environmentVariables":{"GOOGLE_NODE_RUN_SCRIPTS":""},"dockerRepository":"projects/ridermind-f546f/locations/us-central1/repositories/gcf-artifacts","sourceProvenance":{"resolvedStorageSource":{"bucket":"gcf-v2-sources-422879281404-us-central1","object":"api/function-source.zip","generation":"1781204572614036"}},"dockerRegistry":"ARTIFACT_REGISTRY","serviceAccount":"projects/ridermind-f546f/serviceAccounts/422879281404-compute@developer.gserviceaccount.com","automaticUpdatePolicy":{}},"serviceConfig":{"service":"projects/ridermind-f546f/locations/us-central1/services/api","timeoutSeconds":60,"environmentVariables":{"FIREBASE_CONFIG":"{\"projectId\":\"ridermind-f546f\",\"storageBucket\":\"ridermind-f546f.firebasestorage.app\"}","GCLOUD_PROJECT":"ridermind-f546f","EVENTARC_CLOUD_EVENT_SOURCE":"projects/ridermind-f546f/locations/us-central1/services/api","FUNCTION_TARGET":"api","LOG_EXECUTION_ID":"true"},"maxInstanceCount":10,"ingressSettings":"ALLOW_ALL","serviceAccountEmail":"422879281404-compute@developer.gserviceaccount.com","availableMemory":"512Mi","maxInstanceRequestConcurrency":80,"availableCpu":"1"},"state":"UNKNOWN","labels":{"firebase-functions-hash":"c2dc47a8ebf611425e43c91f53a6235b41932365"},"stateMessages":[{"severity":"ERROR","type":"CloudRunServiceNotFound","message":"Cloud Run service projects/ridermind-f546f/locations/us-central1/services/api for the function was not found. The function will not work correctly. Please redeploy."}],"environment":"GEN_2","url":"https://us-central1-ridermind-f546f.cloudfunctions.net/api","satisfiesPzi":true},"stages":[{"name":"BUILD","message":"Build in progress","state":"IN_PROGRESS","resource":"projects/422879281404/locations/us-central1/builds/5c3e2638-7376-45d9-9178-fa052c38f738","resourceUri":"https://console.cloud.google.com/cloud-build/builds;region=us-central1/5c3e2638-7376-45d9-9178-fa052c38f738?project=422879281404"},{"name":"SERVICE","state":"NOT_STARTED"}],"operationType":"UPDATE_FUNCTION","buildName":"projects/422879281404/locations/us-central1/builds/5c3e2638-7376-45d9-9178-fa052c38f738"},"done":false}
[debug] [2026-06-14T02:28:44.513Z] [update-default-us-central1-api] Retrying task index 0
[debug] [2026-06-14T02:28:44.514Z] Checked if tokens are valid: true, expires at: 1781406997281
[debug] [2026-06-14T02:28:44.514Z] Checked if tokens are valid: true, expires at: 1781406997281
[debug] [2026-06-14T02:28:44.514Z] >>> [apiv2][query] GET https://cloudfunctions.googleapis.com/v2/projects/ridermind-f546f/locations/us-central1/operations/operation-1781404094128-6542d763b60b7-5490a3eb-9c7abd90 [none]
[debug] [2026-06-14T02:28:45.746Z] <<< [apiv2][status] GET https://cloudfunctions.googleapis.com/v2/projects/ridermind-f546f/locations/us-central1/operations/operation-1781404094128-6542d763b60b7-5490a3eb-9c7abd90 200
[debug] [2026-06-14T02:28:45.747Z] <<< [apiv2][body] GET https://cloudfunctions.googleapis.com/v2/projects/ridermind-f546f/locations/us-central1/operations/operation-1781404094128-6542d763b60b7-5490a3eb-9c7abd90 {"name":"projects/ridermind-f546f/locations/us-central1/operations/operation-1781404094128-6542d763b60b7-5490a3eb-9c7abd90","metadata":{"@type":"type.googleapis.com/google.cloud.functions.v2.OperationMetadata","createTime":"2026-06-14T02:28:14.939516488Z","target":"projects/ridermind-f546f/locations/us-central1/functions/api","verb":"update","cancelRequested":false,"apiVersion":"v2","requestResource":{"@type":"type.googleapis.com/google.cloud.functions.v2.Function","name":"projects/ridermind-f546f/locations/us-central1/functions/api","buildConfig":{"runtime":"nodejs20","entryPoint":"api","source":{"storageSource":{"bucket":"gcf-v2-sources-422879281404-us-central1","object":"api/function-source.zip","generation":"1781404094887260"}},"environmentVariables":{"GOOGLE_NODE_RUN_SCRIPTS":""},"dockerRepository":"projects/ridermind-f546f/locations/us-central1/repositories/gcf-artifacts","sourceProvenance":{"resolvedStorageSource":{"bucket":"gcf-v2-sources-422879281404-us-central1","object":"api/function-source.zip","generation":"1781204572614036"}},"dockerRegistry":"ARTIFACT_REGISTRY","serviceAccount":"projects/ridermind-f546f/serviceAccounts/422879281404-compute@developer.gserviceaccount.com","automaticUpdatePolicy":{}},"serviceConfig":{"service":"projects/ridermind-f546f/locations/us-central1/services/api","timeoutSeconds":60,"environmentVariables":{"FIREBASE_CONFIG":"{\"projectId\":\"ridermind-f546f\",\"storageBucket\":\"ridermind-f546f.firebasestorage.app\"}","GCLOUD_PROJECT":"ridermind-f546f","EVENTARC_CLOUD_EVENT_SOURCE":"projects/ridermind-f546f/locations/us-central1/services/api","FUNCTION_TARGET":"api","LOG_EXECUTION_ID":"true"},"maxInstanceCount":10,"ingressSettings":"ALLOW_ALL","serviceAccountEmail":"422879281404-compute@developer.gserviceaccount.com","availableMemory":"512Mi","maxInstanceRequestConcurrency":80,"availableCpu":"1"},"state":"UNKNOWN","labels":{"firebase-functions-hash":"c2dc47a8ebf611425e43c91f53a6235b41932365"},"stateMessages":[{"severity":"ERROR","type":"CloudRunServiceNotFound","message":"Cloud Run service projects/ridermind-f546f/locations/us-central1/services/api for the function was not found. The function will not work correctly. Please redeploy."}],"environment":"GEN_2","url":"https://us-central1-ridermind-f546f.cloudfunctions.net/api","satisfiesPzi":true},"stages":[{"name":"BUILD","message":"Build in progress","state":"IN_PROGRESS","resource":"projects/422879281404/locations/us-central1/builds/5c3e2638-7376-45d9-9178-fa052c38f738","resourceUri":"https://console.cloud.google.com/cloud-build/builds;region=us-central1/5c3e2638-7376-45d9-9178-fa052c38f738?project=422879281404"},{"name":"SERVICE","state":"NOT_STARTED"}],"operationType":"UPDATE_FUNCTION","buildName":"projects/422879281404/locations/us-central1/builds/5c3e2638-7376-45d9-9178-fa052c38f738"},"done":false}
[debug] [2026-06-14T02:28:55.760Z] [update-default-us-central1-api] Retrying task index 0
[debug] [2026-06-14T02:28:55.760Z] Checked if tokens are valid: true, expires at: 1781406997281
[debug] [2026-06-14T02:28:55.760Z] Checked if tokens are valid: true, expires at: 1781406997281
[debug] [2026-06-14T02:28:55.760Z] >>> [apiv2][query] GET https://cloudfunctions.googleapis.com/v2/projects/ridermind-f546f/locations/us-central1/operations/operation-1781404094128-6542d763b60b7-5490a3eb-9c7abd90 [none]
[debug] [2026-06-14T02:28:57.019Z] <<< [apiv2][status] GET https://cloudfunctions.googleapis.com/v2/projects/ridermind-f546f/locations/us-central1/operations/operation-1781404094128-6542d763b60b7-5490a3eb-9c7abd90 200
[debug] [2026-06-14T02:28:57.019Z] <<< [apiv2][body] GET https://cloudfunctions.googleapis.com/v2/projects/ridermind-f546f/locations/us-central1/operations/operation-1781404094128-6542d763b60b7-5490a3eb-9c7abd90 {"name":"projects/ridermind-f546f/locations/us-central1/operations/operation-1781404094128-6542d763b60b7-5490a3eb-9c7abd90","metadata":{"@type":"type.googleapis.com/google.cloud.functions.v2.OperationMetadata","createTime":"2026-06-14T02:28:14.939516488Z","target":"projects/ridermind-f546f/locations/us-central1/functions/api","verb":"update","cancelRequested":false,"apiVersion":"v2","requestResource":{"@type":"type.googleapis.com/google.cloud.functions.v2.Function","name":"projects/ridermind-f546f/locations/us-central1/functions/api","buildConfig":{"runtime":"nodejs20","entryPoint":"api","source":{"storageSource":{"bucket":"gcf-v2-sources-422879281404-us-central1","object":"api/function-source.zip","generation":"1781404094887260"}},"environmentVariables":{"GOOGLE_NODE_RUN_SCRIPTS":""},"dockerRepository":"projects/ridermind-f546f/locations/us-central1/repositories/gcf-artifacts","sourceProvenance":{"resolvedStorageSource":{"bucket":"gcf-v2-sources-422879281404-us-central1","object":"api/function-source.zip","generation":"1781204572614036"}},"dockerRegistry":"ARTIFACT_REGISTRY","serviceAccount":"projects/ridermind-f546f/serviceAccounts/422879281404-compute@developer.gserviceaccount.com","automaticUpdatePolicy":{}},"serviceConfig":{"service":"projects/ridermind-f546f/locations/us-central1/services/api","timeoutSeconds":60,"environmentVariables":{"FIREBASE_CONFIG":"{\"projectId\":\"ridermind-f546f\",\"storageBucket\":\"ridermind-f546f.firebasestorage.app\"}","GCLOUD_PROJECT":"ridermind-f546f","EVENTARC_CLOUD_EVENT_SOURCE":"projects/ridermind-f546f/locations/us-central1/services/api","FUNCTION_TARGET":"api","LOG_EXECUTION_ID":"true"},"maxInstanceCount":10,"ingressSettings":"ALLOW_ALL","serviceAccountEmail":"422879281404-compute@developer.gserviceaccount.com","availableMemory":"512Mi","maxInstanceRequestConcurrency":80,"availableCpu":"1"},"state":"UNKNOWN","labels":{"firebase-functions-hash":"c2dc47a8ebf611425e43c91f53a6235b41932365"},"stateMessages":[{"severity":"ERROR","type":"CloudRunServiceNotFound","message":"Cloud Run service projects/ridermind-f546f/locations/us-central1/services/api for the function was not found. The function will not work correctly. Please redeploy."}],"environment":"GEN_2","url":"https://us-central1-ridermind-f546f.cloudfunctions.net/api","satisfiesPzi":true},"stages":[{"name":"BUILD","message":"Build in progress","state":"IN_PROGRESS","resource":"projects/422879281404/locations/us-central1/builds/5c3e2638-7376-45d9-9178-fa052c38f738","resourceUri":"https://console.cloud.google.com/cloud-build/builds;region=us-central1/5c3e2638-7376-45d9-9178-fa052c38f738?project=422879281404"},{"name":"SERVICE","state":"NOT_STARTED"}],"operationType":"UPDATE_FUNCTION","buildName":"projects/422879281404/locations/us-central1/builds/5c3e2638-7376-45d9-9178-fa052c38f738"},"done":false}
[debug] [2026-06-14T02:29:07.021Z] [update-default-us-central1-api] Retrying task index 0
[debug] [2026-06-14T02:29:07.021Z] Checked if tokens are valid: true, expires at: 1781406997281
[debug] [2026-06-14T02:29:07.022Z] Checked if tokens are valid: true, expires at: 1781406997281
[debug] [2026-06-14T02:29:07.022Z] >>> [apiv2][query] GET https://cloudfunctions.googleapis.com/v2/projects/ridermind-f546f/locations/us-central1/operations/operation-1781404094128-6542d763b60b7-5490a3eb-9c7abd90 [none]
[debug] [2026-06-14T02:29:08.283Z] <<< [apiv2][status] GET https://cloudfunctions.googleapis.com/v2/projects/ridermind-f546f/locations/us-central1/operations/operation-1781404094128-6542d763b60b7-5490a3eb-9c7abd90 200
[debug] [2026-06-14T02:29:08.283Z] <<< [apiv2][body] GET https://cloudfunctions.googleapis.com/v2/projects/ridermind-f546f/locations/us-central1/operations/operation-1781404094128-6542d763b60b7-5490a3eb-9c7abd90 {"name":"projects/ridermind-f546f/locations/us-central1/operations/operation-1781404094128-6542d763b60b7-5490a3eb-9c7abd90","metadata":{"@type":"type.googleapis.com/google.cloud.functions.v2.OperationMetadata","createTime":"2026-06-14T02:28:14.939516488Z","endTime":"2026-06-14T02:29:01.746872482Z","target":"projects/ridermind-f546f/locations/us-central1/functions/api","verb":"update","cancelRequested":false,"apiVersion":"v2","requestResource":{"@type":"type.googleapis.com/google.cloud.functions.v2.Function","name":"projects/ridermind-f546f/locations/us-central1/functions/api","buildConfig":{"runtime":"nodejs20","entryPoint":"api","source":{"storageSource":{"bucket":"gcf-v2-sources-422879281404-us-central1","object":"api/function-source.zip","generation":"1781404094887260"}},"environmentVariables":{"GOOGLE_NODE_RUN_SCRIPTS":""},"dockerRepository":"projects/ridermind-f546f/locations/us-central1/repositories/gcf-artifacts","sourceProvenance":{"resolvedStorageSource":{"bucket":"gcf-v2-sources-422879281404-us-central1","object":"api/function-source.zip","generation":"1781204572614036"}},"dockerRegistry":"ARTIFACT_REGISTRY","serviceAccount":"projects/ridermind-f546f/serviceAccounts/422879281404-compute@developer.gserviceaccount.com","automaticUpdatePolicy":{}},"serviceConfig":{"service":"projects/ridermind-f546f/locations/us-central1/services/api","timeoutSeconds":60,"environmentVariables":{"FIREBASE_CONFIG":"{\"projectId\":\"ridermind-f546f\",\"storageBucket\":\"ridermind-f546f.firebasestorage.app\"}","GCLOUD_PROJECT":"ridermind-f546f","EVENTARC_CLOUD_EVENT_SOURCE":"projects/ridermind-f546f/locations/us-central1/services/api","FUNCTION_TARGET":"api","LOG_EXECUTION_ID":"true"},"maxInstanceCount":10,"ingressSettings":"ALLOW_ALL","serviceAccountEmail":"422879281404-compute@developer.gserviceaccount.com","availableMemory":"512Mi","maxInstanceRequestConcurrency":80,"availableCpu":"1"},"state":"UNKNOWN","labels":{"firebase-functions-hash":"c2dc47a8ebf611425e43c91f53a6235b41932365"},"stateMessages":[{"severity":"ERROR","type":"CloudRunServiceNotFound","message":"Cloud Run service projects/ridermind-f546f/locations/us-central1/services/api for the function was not found. The function will not work correctly. Please redeploy."}],"environment":"GEN_2","url":"https://us-central1-ridermind-f546f.cloudfunctions.net/api","satisfiesPzi":true},"stages":[{"name":"SERVICE","state":"NOT_STARTED"}],"operationType":"UPDATE_FUNCTION"},"done":true,"error":{"code":3,"message":"Build failed with status: FAILURE and message: npm error code EUSAGE\nnpm error\nnpm error `npm ci` can only install packages when your package.json and package-lock.json or npm-shrinkwrap.json are in sync. Please update your lock file with `npm install` before continuing.\nnpm error\nnpm error Missing: @emnapi/runtime@1.11.1 from lock file\nnpm error Missing: @emnapi/core@1.11.1 from lock file\nnpm error\nnpm error Clean install a project\nnpm error\nnpm error Usage:\nnpm error npm ci\nnpm error\nnpm error Options:\nnpm error [--install-strategy <hoisted|nested|shallow|linked>] [--legacy-bundling]\nnpm error [--global-style] [--omit <dev|optional|peer> [--omit <dev|optional|peer> ...]]\nnpm error [--include <prod|dev|optional|peer> [--include <prod|dev|optional|peer> ...]]\nnpm error [--strict-peer-deps] [--foreground-scripts] [--ignore-scripts] [--no-audit]\nnpm error [--no-bin-links] [--no-fund] [--dry-run]\nnpm error [-w|--workspace <workspace-name> [-w|--workspace <workspace-name> ...]]\nnpm error [-ws|--workspaces] [--include-workspace-root] [--install-links]\nnpm error\nnpm error aliases: clean-install, ic, install-clean, isntall-clean\nnpm error\nnpm error Run \"npm help ci\" for more info\nnpm error A complete log of this run can be found in: /www-data-home/.npm/_logs/2026-06-14T02_28_30_376Z-debug-0.log. For more details see the logs at https://console.cloud.google.com/cloud-build/builds;region=us-central1/5c3e2638-7376-45d9-9178-fa052c38f738?project=422879281404."}}
[debug] [2026-06-14T02:29:08.285Z] Got source token undefined for region us-central1
[error] Build failed with status: FAILURE and message: npm error code EUSAGE
npm error
npm error `npm ci` can only install packages when your package.json and package-lock.json or npm-shrinkwrap.json are in sync. Please update your lock file with `npm install` before continuing.
npm error
npm error Missing: @emnapi/runtime@1.11.1 from lock file
npm error Missing: @emnapi/core@1.11.1 from lock file
npm error
npm error Clean install a project
npm error
npm error Usage:
npm error npm ci
npm error
npm error Options:
npm error [--install-strategy <hoisted|nested|shallow|linked>] [--legacy-bundling]
npm error [--global-style] [--omit <dev|optional|peer> [--omit <dev|optional|peer> ...]]
npm error [--include <prod|dev|optional|peer> [--include <prod|dev|optional|peer> ...]]
npm error [--strict-peer-deps] [--foreground-scripts] [--ignore-scripts] [--no-audit]
npm error [--no-bin-links] [--no-fund] [--dry-run]
npm error [-w|--workspace <workspace-name> [-w|--workspace <workspace-name> ...]]
npm error [-ws|--workspaces] [--include-workspace-root] [--install-links]
npm error
npm error aliases: clean-install, ic, install-clean, isntall-clean
npm error
npm error Run "npm help ci" for more info
npm error A complete log of this run can be found in: /www-data-home/.npm/_logs/2026-06-14T02_28_30_376Z-debug-0.log. For more details see the logs at https://console.cloud.google.com/cloud-build/builds;region=us-central1/5c3e2638-7376-45d9-9178-fa052c38f738?project=422879281404.
[warn] !  functions: Deploys failed. Skipping deletes. 
[debug] [2026-06-14T02:29:08.286Z] Total Function Deployment time: 58458
[debug] [2026-06-14T02:29:08.287Z] 1 Functions Deployed
[debug] [2026-06-14T02:29:08.287Z] 1 Functions Errored
[debug] [2026-06-14T02:29:08.287Z] 0 Function Deployments Aborted
[debug] [2026-06-14T02:29:08.287Z] Average Function Deployment time: 58458
[info] 
[info] Functions deploy had errors with the following functions:
	api(us-central1)
[debug] [2026-06-14T02:29:08.287Z] Not printing URL for HTTPS function. Typically this means it didn't match a filter or we failed deployment
[debug] [2026-06-14T02:29:08.288Z] Checked if tokens are valid: true, expires at: 1781406997281
[debug] [2026-06-14T02:29:08.288Z] Checked if tokens are valid: true, expires at: 1781406997281
[debug] [2026-06-14T02:29:08.288Z] >>> [apiv2][query] GET https://artifactregistry.googleapis.com/v1/projects/ridermind-f546f/locations/us-central1/repositories/gcf-artifacts [none]
[debug] [2026-06-14T02:29:09.980Z] <<< [apiv2][status] GET https://artifactregistry.googleapis.com/v1/projects/ridermind-f546f/locations/us-central1/repositories/gcf-artifacts 200
[debug] [2026-06-14T02:29:09.980Z] <<< [apiv2][body] GET https://artifactregistry.googleapis.com/v1/projects/ridermind-f546f/locations/us-central1/repositories/gcf-artifacts {"name":"projects/ridermind-f546f/locations/us-central1/repositories/gcf-artifacts","format":"DOCKER","description":"This repository is created and used by Cloud Functions for storing function docker images.","labels":{"goog-managed-by":"cloudfunctions"},"createTime":"2026-06-11T19:03:02.306108Z","updateTime":"2026-06-11T19:03:59.399266Z","mode":"STANDARD_REPOSITORY","cleanupPolicies":{"firebase-functions-cleanup":{"id":"firebase-functions-cleanup","action":"DELETE","condition":{"tagState":"ANY","olderThan":"86400s"}}},"vulnerabilityScanningConfig":{"lastEnableTime":"2026-06-11T19:02:53.485649466Z","enablementState":"SCANNING_DISABLED","enablementStateReason":"API containerscanning.googleapis.com is not enabled."},"satisfiesPzi":true,"registryUri":"us-central1-docker.pkg.dev/ridermind-f546f/gcf-artifacts"}
[debug] [2026-06-14T02:29:09.980Z] Functions deploy failed.
[debug] [2026-06-14T02:29:09.980Z] {
  "endpoint": {
    "id": "api",
    "project": "ridermind-f546f",
    "region": "us-central1",
    "entryPoint": "api",
    "platform": "gcfv2",
    "runtime": "nodejs20",
    "httpsTrigger": {},
    "labels": {
      "deployment-tool": "cli-firebase"
    },
    "serviceAccount": null,
    "ingressSettings": null,
    "availableMemoryMb": 512,
    "timeoutSeconds": 60,
    "maxInstances": 10,
    "minInstances": null,
    "concurrency": 80,
    "vpc": null,
    "environmentVariables": {
      "FIREBASE_CONFIG": "{\"projectId\":\"ridermind-f546f\",\"storageBucket\":\"ridermind-f546f.firebasestorage.app\"}",
      "GCLOUD_PROJECT": "ridermind-f546f",
      "EVENTARC_CLOUD_EVENT_SOURCE": "projects/ridermind-f546f/locations/us-central1/services/api"
    },
    "codebase": "default",
    "securityLevel": "SECURE_ALWAYS",
    "cpu": 1,
    "targetedByOnly": true,
    "hash": "c2dc47a8ebf611425e43c91f53a6235b41932365"
  },
  "op": "update",
  "original": {
    "name": "FirebaseError",
    "children": [],
    "exit": 1,
    "message": "Build failed with status: FAILURE and message: npm error code EUSAGE\nnpm error\nnpm error `npm ci` can only install packages when your package.json and package-lock.json or npm-shrinkwrap.json are in sync. Please update your lock file with `npm install` before continuing.\nnpm error\nnpm error Missing: @emnapi/runtime@1.11.1 from lock file\nnpm error Missing: @emnapi/core@1.11.1 from lock file\nnpm error\nnpm error Clean install a project\nnpm error\nnpm error Usage:\nnpm error npm ci\nnpm error\nnpm error Options:\nnpm error [--install-strategy <hoisted|nested|shallow|linked>] [--legacy-bundling]\nnpm error [--global-style] [--omit <dev|optional|peer> [--omit <dev|optional|peer> ...]]\nnpm error [--include <prod|dev|optional|peer> [--include <prod|dev|optional|peer> ...]]\nnpm error [--strict-peer-deps] [--foreground-scripts] [--ignore-scripts] [--no-audit]\nnpm error [--no-bin-links] [--no-fund] [--dry-run]\nnpm error [-w|--workspace <workspace-name> [-w|--workspace <workspace-name> ...]]\nnpm error [-ws|--workspaces] [--include-workspace-root] [--install-links]\nnpm error\nnpm error aliases: clean-install, ic, install-clean, isntall-clean\nnpm error\nnpm error Run \"npm help ci\" for more info\nnpm error A complete log of this run can be found in: /www-data-home/.npm/_logs/2026-06-14T02_28_30_376Z-debug-0.log. For more details see the logs at https://console.cloud.google.com/cloud-build/builds;region=us-central1/5c3e2638-7376-45d9-9178-fa052c38f738?project=422879281404.",
    "original": {
      "code": 3,
      "message": "Build failed with status: FAILURE and message: npm error code EUSAGE\nnpm error\nnpm error `npm ci` can only install packages when your package.json and package-lock.json or npm-shrinkwrap.json are in sync. Please update your lock file with `npm install` before continuing.\nnpm error\nnpm error Missing: @emnapi/runtime@1.11.1 from lock file\nnpm error Missing: @emnapi/core@1.11.1 from lock file\nnpm error\nnpm error Clean install a project\nnpm error\nnpm error Usage:\nnpm error npm ci\nnpm error\nnpm error Options:\nnpm error [--install-strategy <hoisted|nested|shallow|linked>] [--legacy-bundling]\nnpm error [--global-style] [--omit <dev|optional|peer> [--omit <dev|optional|peer> ...]]\nnpm error [--include <prod|dev|optional|peer> [--include <prod|dev|optional|peer> ...]]\nnpm error [--strict-peer-deps] [--foreground-scripts] [--ignore-scripts] [--no-audit]\nnpm error [--no-bin-links] [--no-fund] [--dry-run]\nnpm error [-w|--workspace <workspace-name> [-w|--workspace <workspace-name> ...]]\nnpm error [-ws|--workspaces] [--include-workspace-root] [--install-links]\nnpm error\nnpm error aliases: clean-install, ic, install-clean, isntall-clean\nnpm error\nnpm error Run \"npm help ci\" for more info\nnpm error A complete log of this run can be found in: /www-data-home/.npm/_logs/2026-06-14T02_28_30_376Z-debug-0.log. For more details see the logs at https://console.cloud.google.com/cloud-build/builds;region=us-central1/5c3e2638-7376-45d9-9178-fa052c38f738?project=422879281404."
    },
    "status": 3,
    "code": 3
  }
}
[debug] [2026-06-14T02:29:09.982Z] Error: Failed to update function api in region us-central1
    at C:\Users\sean\AppData\Roaming\npm\node_modules\firebase-tools\lib\deploy\functions\release\fabricator.js:454:19
    at process.processTicksAndRejections (node:internal/process/task_queues:103:5)
    at async Fabricator.updateV2Function (C:\Users\sean\AppData\Roaming\npm\node_modules\firebase-tools\lib\deploy\functions\release\fabricator.js:438:32)
    at async Fabricator.updateEndpoint (C:\Users\sean\AppData\Roaming\npm\node_modules\firebase-tools\lib\deploy\functions\release\fabricator.js:174:13)
    at async Fabricator.wrapOperation (C:\Users\sean\AppData\Roaming\npm\node_modules\firebase-tools\lib\deploy\functions\release\fabricator.js:138:13)
    at async Promise.all (index 0)
    at async Promise.allSettled (index 0)
    at async Fabricator.applyPlan (C:\Users\sean\AppData\Roaming\npm\node_modules\firebase-tools\lib\deploy\functions\release\fabricator.js:77:45)
    at async release (C:\Users\sean\AppData\Roaming\npm\node_modules\firebase-tools\lib\deploy\functions\release\index.js:87:21)
    at async chain (C:\Users\sean\AppData\Roaming\npm\node_modules\firebase-tools\lib\deploy\index.js:45:9)
[error] 
[error] Error: There was an error deploying functions
[debug] [2026-06-14T02:30:38.766Z] ----------------------------------------------------------------------
[debug] [2026-06-14T02:30:38.768Z] Command:       C:\Program Files\nodejs\node.exe C:\Users\sean\AppData\Roaming\npm\node_modules\firebase-tools\lib\bin\firebase.js deploy --only functions:api --project ridermind-f546f
[debug] [2026-06-14T02:30:38.768Z] CLI Version:   15.19.1
[debug] [2026-06-14T02:30:38.768Z] Platform:      win32
[debug] [2026-06-14T02:30:38.769Z] Node Version:  v24.13.0
[debug] [2026-06-14T02:30:38.769Z] Time:          Sun Jun 14 2026 10:30:38 GMT+0800 (Philippine Standard Time)
[debug] [2026-06-14T02:30:38.769Z] ----------------------------------------------------------------------
[debug] 
[debug] [2026-06-14T02:30:41.033Z] > command requires scopes: ["email","openid","https://www.googleapis.com/auth/cloudplatformprojects.readonly","https://www.googleapis.com/auth/firebase","https://www.googleapis.com/auth/cloud-platform"]
[debug] [2026-06-14T02:30:41.033Z] > authorizing via signed-in user (kcseancalinao@gmail.com)
[debug] [2026-06-14T02:30:41.033Z] [iam] checking project ridermind-f546f for permissions ["cloudfunctions.functions.create","cloudfunctions.functions.delete","cloudfunctions.functions.get","cloudfunctions.functions.list","cloudfunctions.functions.update","cloudfunctions.operations.get","firebase.projects.get"]
[debug] [2026-06-14T02:30:41.035Z] Checked if tokens are valid: true, expires at: 1781406997281
[debug] [2026-06-14T02:30:41.035Z] Checked if tokens are valid: true, expires at: 1781406997281
[debug] [2026-06-14T02:30:41.036Z] >>> [apiv2][query] POST https://cloudresourcemanager.googleapis.com/v1/projects/ridermind-f546f:testIamPermissions [none]
[debug] [2026-06-14T02:30:41.037Z] >>> [apiv2][(partial)header] POST https://cloudresourcemanager.googleapis.com/v1/projects/ridermind-f546f:testIamPermissions  x-goog-user-project=ridermind-f546f
[debug] [2026-06-14T02:30:41.037Z] >>> [apiv2][body] POST https://cloudresourcemanager.googleapis.com/v1/projects/ridermind-f546f:testIamPermissions {"permissions":["cloudfunctions.functions.create","cloudfunctions.functions.delete","cloudfunctions.functions.get","cloudfunctions.functions.list","cloudfunctions.functions.update","cloudfunctions.operations.get","firebase.projects.get"]}
[debug] [2026-06-14T02:30:42.022Z] <<< [apiv2][status] POST https://cloudresourcemanager.googleapis.com/v1/projects/ridermind-f546f:testIamPermissions 200
[debug] [2026-06-14T02:30:42.022Z] <<< [apiv2][body] POST https://cloudresourcemanager.googleapis.com/v1/projects/ridermind-f546f:testIamPermissions {"permissions":["cloudfunctions.functions.create","cloudfunctions.functions.delete","cloudfunctions.functions.get","cloudfunctions.functions.list","cloudfunctions.functions.update","cloudfunctions.operations.get","firebase.projects.get"]}
[debug] [2026-06-14T02:30:42.022Z] Checked if tokens are valid: true, expires at: 1781406997281
[debug] [2026-06-14T02:30:42.022Z] Checked if tokens are valid: true, expires at: 1781406997281
[debug] [2026-06-14T02:30:42.022Z] >>> [apiv2][query] POST https://iam.googleapis.com/v1/projects/ridermind-f546f/serviceAccounts/ridermind-f546f@appspot.gserviceaccount.com:testIamPermissions [none]
[debug] [2026-06-14T02:30:42.022Z] >>> [apiv2][body] POST https://iam.googleapis.com/v1/projects/ridermind-f546f/serviceAccounts/ridermind-f546f@appspot.gserviceaccount.com:testIamPermissions {"permissions":["iam.serviceAccounts.actAs"]}
[debug] [2026-06-14T02:30:43.171Z] <<< [apiv2][status] POST https://iam.googleapis.com/v1/projects/ridermind-f546f/serviceAccounts/ridermind-f546f@appspot.gserviceaccount.com:testIamPermissions 200
[debug] [2026-06-14T02:30:43.171Z] <<< [apiv2][body] POST https://iam.googleapis.com/v1/projects/ridermind-f546f/serviceAccounts/ridermind-f546f@appspot.gserviceaccount.com:testIamPermissions {"permissions":["iam.serviceAccounts.actAs"]}
[info] 
[info] === Deploying to 'ridermind-f546f'...
[info] 
[info] i  deploying functions 
[debug] [2026-06-14T02:30:43.173Z] Checked if tokens are valid: true, expires at: 1781406997281
[debug] [2026-06-14T02:30:43.173Z] Checked if tokens are valid: true, expires at: 1781406997281
[debug] [2026-06-14T02:30:43.173Z] >>> [apiv2][query] GET https://cloudresourcemanager.googleapis.com/v1/projects/ridermind-f546f [none]
[debug] [2026-06-14T02:30:43.426Z] <<< [apiv2][status] GET https://cloudresourcemanager.googleapis.com/v1/projects/ridermind-f546f 200
[debug] [2026-06-14T02:30:43.426Z] <<< [apiv2][body] GET https://cloudresourcemanager.googleapis.com/v1/projects/ridermind-f546f {"projectNumber":"422879281404","projectId":"ridermind-f546f","lifecycleState":"ACTIVE","name":"RiderMind","labels":{"firebase":"enabled","firebase-core":"disabled"},"createTime":"2026-06-11T18:02:22.914Z"}
[info] i  functions: preparing codebase default for deployment 
[info] i  functions: ensuring required API cloudfunctions.googleapis.com is enabled... 
[info] i  functions: ensuring required API cloudbuild.googleapis.com is enabled... 
[info] i  artifactregistry: ensuring required API artifactregistry.googleapis.com is enabled... 
[debug] [2026-06-14T02:30:43.428Z] Checked if tokens are valid: true, expires at: 1781406997281
[debug] [2026-06-14T02:30:43.428Z] Checked if tokens are valid: true, expires at: 1781406997281
[debug] [2026-06-14T02:30:43.428Z] >>> [apiv2][query] GET https://firebase.googleapis.com/v1beta1/projects/ridermind-f546f/adminSdkConfig [none]
[debug] [2026-06-14T02:30:44.171Z] <<< [apiv2][status] GET https://firebase.googleapis.com/v1beta1/projects/ridermind-f546f/adminSdkConfig 200
[debug] [2026-06-14T02:30:44.171Z] <<< [apiv2][body] GET https://firebase.googleapis.com/v1beta1/projects/ridermind-f546f/adminSdkConfig {"projectId":"ridermind-f546f","storageBucket":"ridermind-f546f.firebasestorage.app"}
[debug] [2026-06-14T02:30:44.172Z] Checked if tokens are valid: true, expires at: 1781406997281
[debug] [2026-06-14T02:30:44.172Z] Checked if tokens are valid: true, expires at: 1781406997281
[debug] [2026-06-14T02:30:44.172Z] >>> [apiv2][query] GET https://runtimeconfig.googleapis.com/v1beta1/projects/ridermind-f546f/configs [none]
[debug] [2026-06-14T02:30:44.528Z] <<< [apiv2][status] GET https://runtimeconfig.googleapis.com/v1beta1/projects/ridermind-f546f/configs 200
[debug] [2026-06-14T02:30:44.529Z] <<< [apiv2][body] GET https://runtimeconfig.googleapis.com/v1beta1/projects/ridermind-f546f/configs {}
[debug] [2026-06-14T02:30:44.530Z] Validating nodejs source
[warn] !  functions: Runtime Node.js 20 was deprecated on 2026-04-30 and will be decommissioned on 2026-10-30, after which you will not be able to deploy without upgrading. Consider upgrading now to avoid disruption. See https://cloud.google.com/functions/docs/runtime-support for full details on the lifecycle policy 
[debug] [2026-06-14T02:30:45.580Z] > [functions] package.json contents: {
  "name": "ridermind-functions",
  "description": "Firebase Cloud Functions for RiderMind",
  "type": "module",
  "scripts": {
    "lint": "eslint .",
    "serve": "firebase emulators:start --only functions,firestore,storage,hosting",
    "shell": "firebase functions:shell",
    "start": "npm run shell",
    "deploy": "firebase deploy --only functions",
    "logs": "firebase functions:log"
  },
  "engines": {
    "node": "20"
  },
  "main": "index.js",
  "dependencies": {
    "@emnapi/core": "^1.11.1",
    "@emnapi/runtime": "^1.11.1",
    "bcryptjs": "^2.4.3",
    "colors": "^1.4.0",
    "cookie-parser": "^1.4.6",
    "cors": "^2.8.5",
    "dotenv": "^16.4.5",
    "express": "^4.19.2",
    "firebase-admin": "^13.6.0",
    "firebase-functions": "^7.0.0",
    "jsonwebtoken": "^9.0.2",
    "multer": "^2.0.2",
    "nodemailer": "^7.0.10",
    "sharp": "^0.34.4",
    "uuid": "^9.0.0"
  },
  "devDependencies": {
    "eslint": "^8.15.0",
    "firebase-functions-test": "^3.4.1"
  },
  "private": true
}
[debug] [2026-06-14T02:30:45.581Z] Building nodejs source
[info] i  functions: Loading and analyzing source code for codebase default to determine what to deploy 
[debug] [2026-06-14T02:30:45.583Z] Could not find functions.yaml. Must use http discovery
[debug] [2026-06-14T02:30:45.592Z] Found firebase-functions binary at 'C:\Users\sean\Desktop\CODE\WORK\RiderMind\functions\node_modules\.bin\firebase-functions'
[info] Serving at port 8685

[debug] [2026-06-14T02:30:48.493Z] Got response from /__/functions.yaml {"endpoints":{"api":{"availableMemoryMb":512,"timeoutSeconds":60,"minInstances":null,"maxInstances":10,"ingressSettings":null,"concurrency":null,"serviceAccountEmail":null,"vpc":null,"platform":"gcfv2","region":["us-central1"],"labels":{},"httpsTrigger":{},"entryPoint":"api"}},"specVersion":"v1alpha1","requiredAPIs":[],"extensions":{}}
[error] ❌ Email service error: Missing credentials for "PLAIN"

[debug] [2026-06-14T02:30:52.524Z] Checked if tokens are valid: true, expires at: 1781406997281
[debug] [2026-06-14T02:30:52.524Z] Checked if tokens are valid: true, expires at: 1781406997281
[debug] [2026-06-14T02:30:52.525Z] >>> [apiv2][query] GET https://cloudfunctions.googleapis.com/v1/projects/ridermind-f546f/locations/-/functions [none]
[debug] [2026-06-14T02:30:53.385Z] <<< [apiv2][status] GET https://cloudfunctions.googleapis.com/v1/projects/ridermind-f546f/locations/-/functions 200
[debug] [2026-06-14T02:30:53.385Z] <<< [apiv2][body] GET https://cloudfunctions.googleapis.com/v1/projects/ridermind-f546f/locations/-/functions {}
[debug] [2026-06-14T02:30:53.385Z] Checked if tokens are valid: true, expires at: 1781406997281
[debug] [2026-06-14T02:30:53.385Z] Checked if tokens are valid: true, expires at: 1781406997281
[debug] [2026-06-14T02:30:53.386Z] >>> [apiv2][query] GET https://cloudfunctions.googleapis.com/v2/projects/ridermind-f546f/locations/-/functions filter=environment%3D%22GEN_2%22
[debug] [2026-06-14T02:30:54.751Z] <<< [apiv2][status] GET https://cloudfunctions.googleapis.com/v2/projects/ridermind-f546f/locations/-/functions 200
[debug] [2026-06-14T02:30:54.751Z] <<< [apiv2][body] GET https://cloudfunctions.googleapis.com/v2/projects/ridermind-f546f/locations/-/functions {"functions":[{"name":"projects/ridermind-f546f/locations/us-central1/functions/api","buildConfig":{"build":"projects/422879281404/locations/us-central1/builds/675a4894-d3d9-40ab-af3c-60e2ece91005","runtime":"nodejs20","entryPoint":"api","source":{"storageSource":{"bucket":"gcf-v2-sources-422879281404-us-central1","object":"api/function-source.zip","generation":"1781204572614036"}},"environmentVariables":{"GOOGLE_NODE_RUN_SCRIPTS":""},"dockerRepository":"projects/ridermind-f546f/locations/us-central1/repositories/gcf-artifacts","sourceProvenance":{"resolvedStorageSource":{"bucket":"gcf-v2-sources-422879281404-us-central1","object":"api/function-source.zip","generation":"1781204572614036"}},"dockerRegistry":"ARTIFACT_REGISTRY","serviceAccount":"projects/ridermind-f546f/serviceAccounts/422879281404-compute@developer.gserviceaccount.com","automaticUpdatePolicy":{}},"state":"UNKNOWN","updateTime":"2026-06-14T02:29:01.753598411Z","labels":{"deployment-tool":"cli-firebase","firebase-functions-hash":"c2dc47a8ebf611425e43c91f53a6235b41932365"},"stateMessages":[{"severity":"ERROR","type":"CloudRunServiceNotFound","message":"Cloud Run service projects/ridermind-f546f/locations/us-central1/services/api for the function was not found. The function will not work correctly. Please redeploy."}],"environment":"GEN_2","url":"https://us-central1-ridermind-f546f.cloudfunctions.net/api","createTime":"2026-06-11T19:02:53.278614909Z","satisfiesPzi":true}]}
[info] i  extensions: ensuring required API firebaseextensions.googleapis.com is enabled... 
[debug] [2026-06-14T02:30:54.752Z] > command requires scopes: ["email","openid","https://www.googleapis.com/auth/cloudplatformprojects.readonly","https://www.googleapis.com/auth/firebase","https://www.googleapis.com/auth/cloud-platform"]
[debug] [2026-06-14T02:30:54.752Z] > authorizing via signed-in user (kcseancalinao@gmail.com)
[debug] [2026-06-14T02:30:54.752Z] [iam] checking project ridermind-f546f for permissions ["firebase.projects.get","firebaseextensions.instances.list"]
[debug] [2026-06-14T02:30:54.752Z] Checked if tokens are valid: true, expires at: 1781406997281
[debug] [2026-06-14T02:30:54.752Z] Checked if tokens are valid: true, expires at: 1781406997281
[debug] [2026-06-14T02:30:54.753Z] >>> [apiv2][query] POST https://cloudresourcemanager.googleapis.com/v1/projects/ridermind-f546f:testIamPermissions [none]
[debug] [2026-06-14T02:30:54.753Z] >>> [apiv2][(partial)header] POST https://cloudresourcemanager.googleapis.com/v1/projects/ridermind-f546f:testIamPermissions  x-goog-user-project=ridermind-f546f
[debug] [2026-06-14T02:30:54.753Z] >>> [apiv2][body] POST https://cloudresourcemanager.googleapis.com/v1/projects/ridermind-f546f:testIamPermissions {"permissions":["firebase.projects.get","firebaseextensions.instances.list"]}
[debug] [2026-06-14T02:30:55.699Z] <<< [apiv2][status] POST https://cloudresourcemanager.googleapis.com/v1/projects/ridermind-f546f:testIamPermissions 200
[debug] [2026-06-14T02:30:55.699Z] <<< [apiv2][body] POST https://cloudresourcemanager.googleapis.com/v1/projects/ridermind-f546f:testIamPermissions {"permissions":["firebase.projects.get","firebaseextensions.instances.list"]}
[debug] [2026-06-14T02:30:55.700Z] Checked if tokens are valid: true, expires at: 1781406997281
[debug] [2026-06-14T02:30:55.700Z] Checked if tokens are valid: true, expires at: 1781406997281
[debug] [2026-06-14T02:30:55.700Z] >>> [apiv2][query] GET https://firebaseextensions.googleapis.com/v1beta/projects/ridermind-f546f/instances pageSize=100&pageToken=
[debug] [2026-06-14T02:30:56.857Z] <<< [apiv2][status] GET https://firebaseextensions.googleapis.com/v1beta/projects/ridermind-f546f/instances 200
[debug] [2026-06-14T02:30:56.857Z] <<< [apiv2][body] GET https://firebaseextensions.googleapis.com/v1beta/projects/ridermind-f546f/instances {}
[info] i  functions: preparing functions directory for uploading... 
[info] i  functions: packaged C:\Users\sean\Desktop\CODE\WORK\RiderMind\functions (192.89 KB) for uploading 
[info] i  functions: ensuring required API run.googleapis.com is enabled... 
[info] i  functions: ensuring required API eventarc.googleapis.com is enabled... 
[info] i  functions: ensuring required API pubsub.googleapis.com is enabled... 
[info] i  functions: ensuring required API storage.googleapis.com is enabled... 
[info] i  functions: generating the service identity for pubsub.googleapis.com... 
[debug] [2026-06-14T02:30:56.988Z] Checked if tokens are valid: true, expires at: 1781406997281
[debug] [2026-06-14T02:30:56.989Z] Checked if tokens are valid: true, expires at: 1781406997281
[info] i  functions: generating the service identity for eventarc.googleapis.com... 
[debug] [2026-06-14T02:30:56.989Z] Checked if tokens are valid: true, expires at: 1781406997281
[debug] [2026-06-14T02:30:56.989Z] Checked if tokens are valid: true, expires at: 1781406997281
[debug] [2026-06-14T02:30:56.989Z] >>> [apiv2][query] POST https://serviceusage.googleapis.com/v1beta1/projects/422879281404/services/pubsub.googleapis.com:generateServiceIdentity [none]
[debug] [2026-06-14T02:30:56.989Z] >>> [apiv2][(partial)header] POST https://serviceusage.googleapis.com/v1beta1/projects/422879281404/services/pubsub.googleapis.com:generateServiceIdentity  x-goog-user-project=422879281404
[debug] [2026-06-14T02:30:56.989Z] >>> [apiv2][body] POST https://serviceusage.googleapis.com/v1beta1/projects/422879281404/services/pubsub.googleapis.com:generateServiceIdentity {}
[debug] [2026-06-14T02:30:56.990Z] >>> [apiv2][query] POST https://serviceusage.googleapis.com/v1beta1/projects/422879281404/services/eventarc.googleapis.com:generateServiceIdentity [none]
[debug] [2026-06-14T02:30:56.990Z] >>> [apiv2][(partial)header] POST https://serviceusage.googleapis.com/v1beta1/projects/422879281404/services/eventarc.googleapis.com:generateServiceIdentity  x-goog-user-project=422879281404
[debug] [2026-06-14T02:30:56.990Z] >>> [apiv2][body] POST https://serviceusage.googleapis.com/v1beta1/projects/422879281404/services/eventarc.googleapis.com:generateServiceIdentity {}
[debug] [2026-06-14T02:30:58.288Z] <<< [apiv2][status] POST https://serviceusage.googleapis.com/v1beta1/projects/422879281404/services/eventarc.googleapis.com:generateServiceIdentity 200
[debug] [2026-06-14T02:30:58.288Z] <<< [apiv2][body] POST https://serviceusage.googleapis.com/v1beta1/projects/422879281404/services/eventarc.googleapis.com:generateServiceIdentity {"name":"operations/finished.DONE_OPERATION","done":true,"response":{"@type":"type.googleapis.com/google.api.serviceusage.v1beta1.ServiceIdentity","email":"service-422879281404@gcp-sa-eventarc.iam.gserviceaccount.com","uniqueId":"117827715401854033188"}}
[debug] [2026-06-14T02:30:58.323Z] <<< [apiv2][status] POST https://serviceusage.googleapis.com/v1beta1/projects/422879281404/services/pubsub.googleapis.com:generateServiceIdentity 200
[debug] [2026-06-14T02:30:58.323Z] <<< [apiv2][body] POST https://serviceusage.googleapis.com/v1beta1/projects/422879281404/services/pubsub.googleapis.com:generateServiceIdentity {"name":"operations/finished.DONE_OPERATION","done":true,"response":{"@type":"type.googleapis.com/google.api.serviceusage.v1beta1.ServiceIdentity","email":"service-422879281404@gcp-sa-pubsub.iam.gserviceaccount.com","uniqueId":"110046256282637913242"}}
[debug] [2026-06-14T02:30:58.324Z] Checked if tokens are valid: true, expires at: 1781406997281
[debug] [2026-06-14T02:30:58.324Z] Checked if tokens are valid: true, expires at: 1781406997281
[debug] [2026-06-14T02:30:58.324Z] >>> [apiv2][query] GET https://cloudresourcemanager.googleapis.com/v1/projects/ridermind-f546f [none]
[debug] [2026-06-14T02:30:58.571Z] <<< [apiv2][status] GET https://cloudresourcemanager.googleapis.com/v1/projects/ridermind-f546f 200
[debug] [2026-06-14T02:30:58.571Z] <<< [apiv2][body] GET https://cloudresourcemanager.googleapis.com/v1/projects/ridermind-f546f {"projectNumber":"422879281404","projectId":"ridermind-f546f","lifecycleState":"ACTIVE","name":"RiderMind","labels":{"firebase":"enabled","firebase-core":"disabled"},"createTime":"2026-06-11T18:02:22.914Z"}
[debug] [2026-06-14T02:30:58.571Z] Checked if tokens are valid: true, expires at: 1781406997281
[debug] [2026-06-14T02:30:58.571Z] Checked if tokens are valid: true, expires at: 1781406997281
[debug] [2026-06-14T02:30:58.571Z] >>> [apiv2][query] GET https://compute.googleapis.com/compute/v1/projects/422879281404 [none]
[debug] [2026-06-14T02:30:58.981Z] <<< [apiv2][status] GET https://compute.googleapis.com/compute/v1/projects/422879281404 403
[debug] [2026-06-14T02:30:58.981Z] <<< [apiv2][body] GET https://compute.googleapis.com/compute/v1/projects/422879281404 {"error":{"code":403,"message":"Compute Engine API has not been used in project 422879281404 before or it is disabled. Enable it by visiting https://console.developers.google.com/apis/api/compute.googleapis.com/overview?project=422879281404 then retry. If you enabled this API recently, wait a few minutes for the action to propagate to our systems and retry.","errors":[{"message":"Compute Engine API has not been used in project 422879281404 before or it is disabled. Enable it by visiting https://console.developers.google.com/apis/api/compute.googleapis.com/overview?project=422879281404 then retry. If you enabled this API recently, wait a few minutes for the action to propagate to our systems and retry.","domain":"usageLimits","reason":"accessNotConfigured","extendedHelp":"https://console.developers.google.com"}],"status":"PERMISSION_DENIED","details":[{"@type":"type.googleapis.com/google.rpc.ErrorInfo","reason":"SERVICE_DISABLED","domain":"googleapis.com","metadata":{"activationUrl":"https://console.developers.google.com/apis/api/compute.googleapis.com/overview?project=422879281404","service":"compute.googleapis.com","containerInfo":"422879281404","consumer":"projects/422879281404","serviceTitle":"Compute Engine API"}},{"@type":"type.googleapis.com/google.rpc.LocalizedMessage","locale":"en-US","message":"Compute Engine API has not been used in project 422879281404 before or it is disabled. Enable it by visiting https://console.developers.google.com/apis/api/compute.googleapis.com/overview?project=422879281404 then retry. If you enabled this API recently, wait a few minutes for the action to propagate to our systems and retry."},{"@type":"type.googleapis.com/google.rpc.Help","links":[{"description":"Google developers console API activation","url":"https://console.developers.google.com/apis/api/compute.googleapis.com/overview?project=422879281404"}]}]}}
[debug] [2026-06-14T02:30:58.981Z] unable to look up default compute service account. Falling back to 422879281404-compute@developer.gserviceaccount.com. Error: {"name":"FirebaseError","children":[],"context":{"body":{"error":{"code":403,"message":"Compute Engine API has not been used in project 422879281404 before or it is disabled. Enable it by visiting https://console.developers.google.com/apis/api/compute.googleapis.com/overview?project=422879281404 then retry. If you enabled this API recently, wait a few minutes for the action to propagate to our systems and retry.","errors":[{"message":"Compute Engine API has not been used in project 422879281404 before or it is disabled. Enable it by visiting https://console.developers.google.com/apis/api/compute.googleapis.com/overview?project=422879281404 then retry. If you enabled this API recently, wait a few minutes for the action to propagate to our systems and retry.","domain":"usageLimits","reason":"accessNotConfigured","extendedHelp":"https://console.developers.google.com"}],"status":"PERMISSION_DENIED","details":[{"@type":"type.googleapis.com/google.rpc.ErrorInfo","reason":"SERVICE_DISABLED","domain":"googleapis.com","metadata":{"activationUrl":"https://console.developers.google.com/apis/api/compute.googleapis.com/overview?project=422879281404","service":"compute.googleapis.com","containerInfo":"422879281404","consumer":"projects/422879281404","serviceTitle":"Compute Engine API"}},{"@type":"type.googleapis.com/google.rpc.LocalizedMessage","locale":"en-US","message":"Compute Engine API has not been used in project 422879281404 before or it is disabled. Enable it by visiting https://console.developers.google.com/apis/api/compute.googleapis.com/overview?project=422879281404 then retry. If you enabled this API recently, wait a few minutes for the action to propagate to our systems and retry."},{"@type":"type.googleapis.com/google.rpc.Help","links":[{"description":"Google developers console API activation","url":"https://console.developers.google.com/apis/api/compute.googleapis.com/overview?project=422879281404"}]}]}},"response":{"statusCode":403}},"exit":1,"message":"Request to https://compute.googleapis.com/compute/v1/projects/422879281404 had HTTP Error: 403, Compute Engine API has not been used in project 422879281404 before or it is disabled. Enable it by visiting https://console.developers.google.com/apis/api/compute.googleapis.com/overview?project=422879281404 then retry. If you enabled this API recently, wait a few minutes for the action to propagate to our systems and retry.","status":403}
[debug] [2026-06-14T02:30:58.982Z] Checked if tokens are valid: true, expires at: 1781406997281
[debug] [2026-06-14T02:30:58.982Z] Checked if tokens are valid: true, expires at: 1781406997281
[debug] [2026-06-14T02:30:58.982Z] >>> [apiv2][query] GET https://compute.googleapis.com/compute/v1/projects/422879281404 [none]
[debug] [2026-06-14T02:30:59.266Z] <<< [apiv2][status] GET https://compute.googleapis.com/compute/v1/projects/422879281404 403
[debug] [2026-06-14T02:30:59.266Z] <<< [apiv2][body] GET https://compute.googleapis.com/compute/v1/projects/422879281404 {"error":{"code":403,"message":"Compute Engine API has not been used in project 422879281404 before or it is disabled. Enable it by visiting https://console.developers.google.com/apis/api/compute.googleapis.com/overview?project=422879281404 then retry. If you enabled this API recently, wait a few minutes for the action to propagate to our systems and retry.","errors":[{"message":"Compute Engine API has not been used in project 422879281404 before or it is disabled. Enable it by visiting https://console.developers.google.com/apis/api/compute.googleapis.com/overview?project=422879281404 then retry. If you enabled this API recently, wait a few minutes for the action to propagate to our systems and retry.","domain":"usageLimits","reason":"accessNotConfigured","extendedHelp":"https://console.developers.google.com"}],"status":"PERMISSION_DENIED","details":[{"@type":"type.googleapis.com/google.rpc.ErrorInfo","reason":"SERVICE_DISABLED","domain":"googleapis.com","metadata":{"service":"compute.googleapis.com","consumer":"projects/422879281404","serviceTitle":"Compute Engine API","containerInfo":"422879281404","activationUrl":"https://console.developers.google.com/apis/api/compute.googleapis.com/overview?project=422879281404"}},{"@type":"type.googleapis.com/google.rpc.LocalizedMessage","locale":"en-US","message":"Compute Engine API has not been used in project 422879281404 before or it is disabled. Enable it by visiting https://console.developers.google.com/apis/api/compute.googleapis.com/overview?project=422879281404 then retry. If you enabled this API recently, wait a few minutes for the action to propagate to our systems and retry."},{"@type":"type.googleapis.com/google.rpc.Help","links":[{"description":"Google developers console API activation","url":"https://console.developers.google.com/apis/api/compute.googleapis.com/overview?project=422879281404"}]}]}}
[debug] [2026-06-14T02:30:59.267Z] unable to look up default compute service account. Falling back to 422879281404-compute@developer.gserviceaccount.com. Error: {"name":"FirebaseError","children":[],"context":{"body":{"error":{"code":403,"message":"Compute Engine API has not been used in project 422879281404 before or it is disabled. Enable it by visiting https://console.developers.google.com/apis/api/compute.googleapis.com/overview?project=422879281404 then retry. If you enabled this API recently, wait a few minutes for the action to propagate to our systems and retry.","errors":[{"message":"Compute Engine API has not been used in project 422879281404 before or it is disabled. Enable it by visiting https://console.developers.google.com/apis/api/compute.googleapis.com/overview?project=422879281404 then retry. If you enabled this API recently, wait a few minutes for the action to propagate to our systems and retry.","domain":"usageLimits","reason":"accessNotConfigured","extendedHelp":"https://console.developers.google.com"}],"status":"PERMISSION_DENIED","details":[{"@type":"type.googleapis.com/google.rpc.ErrorInfo","reason":"SERVICE_DISABLED","domain":"googleapis.com","metadata":{"service":"compute.googleapis.com","consumer":"projects/422879281404","serviceTitle":"Compute Engine API","containerInfo":"422879281404","activationUrl":"https://console.developers.google.com/apis/api/compute.googleapis.com/overview?project=422879281404"}},{"@type":"type.googleapis.com/google.rpc.LocalizedMessage","locale":"en-US","message":"Compute Engine API has not been used in project 422879281404 before or it is disabled. Enable it by visiting https://console.developers.google.com/apis/api/compute.googleapis.com/overview?project=422879281404 then retry. If you enabled this API recently, wait a few minutes for the action to propagate to our systems and retry."},{"@type":"type.googleapis.com/google.rpc.Help","links":[{"description":"Google developers console API activation","url":"https://console.developers.google.com/apis/api/compute.googleapis.com/overview?project=422879281404"}]}]}},"response":{"statusCode":403}},"exit":1,"message":"Request to https://compute.googleapis.com/compute/v1/projects/422879281404 had HTTP Error: 403, Compute Engine API has not been used in project 422879281404 before or it is disabled. Enable it by visiting https://console.developers.google.com/apis/api/compute.googleapis.com/overview?project=422879281404 then retry. If you enabled this API recently, wait a few minutes for the action to propagate to our systems and retry.","status":403}
[debug] [2026-06-14T02:30:59.267Z] Checked if tokens are valid: true, expires at: 1781406997281
[debug] [2026-06-14T02:30:59.267Z] Checked if tokens are valid: true, expires at: 1781406997281
[debug] [2026-06-14T02:30:59.267Z] >>> [apiv2][query] GET https://cloudbilling.googleapis.com/v1/projects/ridermind-f546f/billingInfo [none]
[debug] [2026-06-14T02:31:00.606Z] <<< [apiv2][status] GET https://cloudbilling.googleapis.com/v1/projects/ridermind-f546f/billingInfo 200
[debug] [2026-06-14T02:31:00.606Z] <<< [apiv2][body] GET https://cloudbilling.googleapis.com/v1/projects/ridermind-f546f/billingInfo {"name":"projects/ridermind-f546f/billingInfo","projectId":"ridermind-f546f","billingAccountName":"billingAccounts/01936B-CC1317-C92503","billingEnabled":true}
[debug] [2026-06-14T02:31:00.608Z] Checked if tokens are valid: true, expires at: 1781406997281
[debug] [2026-06-14T02:31:00.608Z] Checked if tokens are valid: true, expires at: 1781406997281
[debug] [2026-06-14T02:31:00.608Z] >>> [apiv2][query] POST https://cloudfunctions.googleapis.com/v2/projects/ridermind-f546f/locations/us-central1/functions:generateUploadUrl [none]
[debug] [2026-06-14T02:31:01.855Z] <<< [apiv2][status] POST https://cloudfunctions.googleapis.com/v2/projects/ridermind-f546f/locations/us-central1/functions:generateUploadUrl 200
[debug] [2026-06-14T02:31:01.856Z] <<< [apiv2][body] POST https://cloudfunctions.googleapis.com/v2/projects/ridermind-f546f/locations/us-central1/functions:generateUploadUrl {"uploadUrl":"https://storage.googleapis.com/gcf-v2-uploads-422879281404.us-central1.cloudfunctions.appspot.com/68d8d016-ec19-453d-9afa-e53949666e4e.zip?GoogleAccessId=service-422879281404@gcf-admin-robot.iam.gserviceaccount.com&Expires=1781406065&Signature=NvTRViiwIzzs2XOEaH%2B%2BwZaKOCtdVEs7FwR%2FgqtyRUhxKENZfObR6bQKwdJvcx5cK4mnuVv%2FNwNHtoM4TieII4aRWTvNeWwsdnP9RgAhZcJt6N%2B8wI9%2Fc0xa4ohXG3p7bbX%2FFpCQUQL9ZeXWQvI6Xw%2BoyqQ5IzFi2XUmsP66ZeouZWggSgGuanFWoDlElPYTaoAHP1yyA1kyaPWojKfQI3H2cw4S7t8A8ONLZODC4SXkJysBLe%2FHMfQG7BmCnimkDD9gjuxqG8oQ8A4Qo3avjafB77hP1YIqOFlhsYTG0LDP5V297V3g3GLqY%2F%2Ftf8HM5AfyY87h0EhH4lCzk%2FrjMA%3D%3D","storageSource":{"bucket":"gcf-v2-uploads-422879281404.us-central1.cloudfunctions.appspot.com","object":"68d8d016-ec19-453d-9afa-e53949666e4e.zip"}}
[debug] [2026-06-14T02:31:01.857Z] >>> [apiv2][query] PUT https://storage.googleapis.com/gcf-v2-uploads-422879281404.us-central1.cloudfunctions.appspot.com/68d8d016-ec19-453d-9afa-e53949666e4e.zip GoogleAccessId=service-422879281404%40gcf-admin-robot.iam.gserviceaccount.com&Expires=1781406065&Signature=NvTRViiwIzzs2XOEaH%2B%2BwZaKOCtdVEs7FwR%2FgqtyRUhxKENZfObR6bQKwdJvcx5cK4mnuVv%2FNwNHtoM4TieII4aRWTvNeWwsdnP9RgAhZcJt6N%2B8wI9%2Fc0xa4ohXG3p7bbX%2FFpCQUQL9ZeXWQvI6Xw%2BoyqQ5IzFi2XUmsP66ZeouZWggSgGuanFWoDlElPYTaoAHP1yyA1kyaPWojKfQI3H2cw4S7t8A8ONLZODC4SXkJysBLe%2FHMfQG7BmCnimkDD9gjuxqG8oQ8A4Qo3avjafB77hP1YIqOFlhsYTG0LDP5V297V3g3GLqY%2F%2Ftf8HM5AfyY87h0EhH4lCzk%2FrjMA%3D%3D
[debug] [2026-06-14T02:31:01.858Z] >>> [apiv2][body] PUT https://storage.googleapis.com/gcf-v2-uploads-422879281404.us-central1.cloudfunctions.appspot.com/68d8d016-ec19-453d-9afa-e53949666e4e.zip [stream]
[debug] [2026-06-14T02:31:04.080Z] <<< [apiv2][status] PUT https://storage.googleapis.com/gcf-v2-uploads-422879281404.us-central1.cloudfunctions.appspot.com/68d8d016-ec19-453d-9afa-e53949666e4e.zip 200
[debug] [2026-06-14T02:31:04.080Z] <<< [apiv2][body] PUT https://storage.googleapis.com/gcf-v2-uploads-422879281404.us-central1.cloudfunctions.appspot.com/68d8d016-ec19-453d-9afa-e53949666e4e.zip [omitted]
[info] +  functions: functions source uploaded successfully 
[info] i  functions: updating Node.js 20 (2nd Gen) function api(us-central1)... 
[debug] [2026-06-14T02:31:04.083Z] Checked if tokens are valid: true, expires at: 1781406997281
[debug] [2026-06-14T02:31:04.083Z] Checked if tokens are valid: true, expires at: 1781406997281
[debug] [2026-06-14T02:31:04.083Z] >>> [apiv2][query] PATCH https://cloudfunctions.googleapis.com/v2/projects/ridermind-f546f/locations/us-central1/functions/api updateMask=name%2CbuildConfig.runtime%2CbuildConfig.entryPoint%2CbuildConfig.source.storageSource.bucket%2CbuildConfig.source.storageSource.object%2CbuildConfig.environmentVariables%2CbuildConfig.sourceToken%2CserviceConfig.environmentVariables%2CserviceConfig.ingressSettings%2CserviceConfig.timeoutSeconds%2CserviceConfig.serviceAccountEmail%2CserviceConfig.availableMemory%2CserviceConfig.minInstanceCount%2CserviceConfig.maxInstanceCount%2CserviceConfig.maxInstanceRequestConcurrency%2CserviceConfig.availableCpu%2CserviceConfig.vpcConnector%2CserviceConfig.vpcConnectorEgressSettings%2CserviceConfig.directVpcNetworkInterface%2CserviceConfig.directVpcEgress%2Clabels
[debug] [2026-06-14T02:31:04.083Z] >>> [apiv2][body] PATCH https://cloudfunctions.googleapis.com/v2/projects/ridermind-f546f/locations/us-central1/functions/api {"name":"projects/ridermind-f546f/locations/us-central1/functions/api","buildConfig":{"runtime":"nodejs20","entryPoint":"api","source":{"storageSource":{"bucket":"gcf-v2-uploads-422879281404.us-central1.cloudfunctions.appspot.com","object":"68d8d016-ec19-453d-9afa-e53949666e4e.zip"}},"environmentVariables":{"GOOGLE_NODE_RUN_SCRIPTS":""}},"serviceConfig":{"environmentVariables":{"FIREBASE_CONFIG":"{\"projectId\":\"ridermind-f546f\",\"storageBucket\":\"ridermind-f546f.firebasestorage.app\"}","GCLOUD_PROJECT":"ridermind-f546f","EVENTARC_CLOUD_EVENT_SOURCE":"projects/ridermind-f546f/locations/us-central1/services/api","FUNCTION_TARGET":"api","LOG_EXECUTION_ID":"true"},"ingressSettings":null,"timeoutSeconds":60,"serviceAccountEmail":null,"availableMemory":"512Mi","minInstanceCount":null,"maxInstanceCount":10,"maxInstanceRequestConcurrency":80,"availableCpu":"1","vpcConnector":null,"vpcConnectorEgressSettings":null,"directVpcNetworkInterface":null,"directVpcEgress":null},"labels":{"deployment-tool":"cli-firebase","firebase-functions-hash":"9f59e0c7b7951bf31f8f92926c24b8f6a1664b70"}}
[debug] [2026-06-14T02:31:05.569Z] <<< [apiv2][status] PATCH https://cloudfunctions.googleapis.com/v2/projects/ridermind-f546f/locations/us-central1/functions/api 200
[debug] [2026-06-14T02:31:05.570Z] <<< [apiv2][body] PATCH https://cloudfunctions.googleapis.com/v2/projects/ridermind-f546f/locations/us-central1/functions/api {"name":"projects/ridermind-f546f/locations/us-central1/operations/operation-1781404267522-6542d80912873-34c5f785-c91933b7","metadata":{"@type":"type.googleapis.com/google.cloud.functions.v2.OperationMetadata","createTime":"2026-06-14T02:31:08.717660291Z","target":"projects/ridermind-f546f/locations/us-central1/functions/api","verb":"update","cancelRequested":false,"apiVersion":"v2"},"done":false}
[debug] [2026-06-14T02:31:05.570Z] Checked if tokens are valid: true, expires at: 1781406997281
[debug] [2026-06-14T02:31:05.570Z] Checked if tokens are valid: true, expires at: 1781406997281
[debug] [2026-06-14T02:31:05.570Z] >>> [apiv2][query] GET https://cloudfunctions.googleapis.com/v2/projects/ridermind-f546f/locations/us-central1/operations/operation-1781404267522-6542d80912873-34c5f785-c91933b7 [none]
[debug] [2026-06-14T02:31:06.682Z] <<< [apiv2][status] GET https://cloudfunctions.googleapis.com/v2/projects/ridermind-f546f/locations/us-central1/operations/operation-1781404267522-6542d80912873-34c5f785-c91933b7 200
[debug] [2026-06-14T02:31:06.682Z] <<< [apiv2][body] GET https://cloudfunctions.googleapis.com/v2/projects/ridermind-f546f/locations/us-central1/operations/operation-1781404267522-6542d80912873-34c5f785-c91933b7 {"name":"projects/ridermind-f546f/locations/us-central1/operations/operation-1781404267522-6542d80912873-34c5f785-c91933b7","metadata":{"@type":"type.googleapis.com/google.cloud.functions.v2.OperationMetadata","createTime":"2026-06-14T02:31:08.717660291Z","target":"projects/ridermind-f546f/locations/us-central1/functions/api","verb":"update","cancelRequested":false,"apiVersion":"v2","requestResource":{"@type":"type.googleapis.com/google.cloud.functions.v2.Function","name":"projects/ridermind-f546f/locations/us-central1/functions/api","buildConfig":{"runtime":"nodejs20","entryPoint":"api","source":{"storageSource":{"bucket":"gcf-v2-sources-422879281404-us-central1","object":"api/function-source.zip","generation":"1781404268666112"}},"environmentVariables":{"GOOGLE_NODE_RUN_SCRIPTS":""},"dockerRepository":"projects/ridermind-f546f/locations/us-central1/repositories/gcf-artifacts","sourceProvenance":{"resolvedStorageSource":{"bucket":"gcf-v2-sources-422879281404-us-central1","object":"api/function-source.zip","generation":"1781204572614036"}},"dockerRegistry":"ARTIFACT_REGISTRY","serviceAccount":"projects/ridermind-f546f/serviceAccounts/422879281404-compute@developer.gserviceaccount.com","automaticUpdatePolicy":{}},"serviceConfig":{"service":"projects/ridermind-f546f/locations/us-central1/services/api","timeoutSeconds":60,"environmentVariables":{"FIREBASE_CONFIG":"{\"projectId\":\"ridermind-f546f\",\"storageBucket\":\"ridermind-f546f.firebasestorage.app\"}","GCLOUD_PROJECT":"ridermind-f546f","EVENTARC_CLOUD_EVENT_SOURCE":"projects/ridermind-f546f/locations/us-central1/services/api","FUNCTION_TARGET":"api","LOG_EXECUTION_ID":"true"},"maxInstanceCount":10,"ingressSettings":"ALLOW_ALL","serviceAccountEmail":"422879281404-compute@developer.gserviceaccount.com","availableMemory":"512Mi","maxInstanceRequestConcurrency":80,"availableCpu":"1"},"state":"UNKNOWN","labels":{"firebase-functions-hash":"9f59e0c7b7951bf31f8f92926c24b8f6a1664b70"},"stateMessages":[{"severity":"ERROR","type":"CloudRunServiceNotFound","message":"Cloud Run service projects/ridermind-f546f/locations/us-central1/services/api for the function was not found. The function will not work correctly. Please redeploy."}],"environment":"GEN_2","url":"https://us-central1-ridermind-f546f.cloudfunctions.net/api","satisfiesPzi":true},"stages":[{"name":"BUILD","message":"Build in progress","state":"IN_PROGRESS","resource":"projects/422879281404/locations/us-central1/builds/0b51cac7-5c2f-43bd-814d-103696cc9a26","resourceUri":"https://console.cloud.google.com/cloud-build/builds;region=us-central1/0b51cac7-5c2f-43bd-814d-103696cc9a26?project=422879281404"},{"name":"SERVICE","state":"NOT_STARTED"}],"operationType":"UPDATE_FUNCTION","buildName":"projects/422879281404/locations/us-central1/builds/0b51cac7-5c2f-43bd-814d-103696cc9a26"},"done":false}
[debug] [2026-06-14T02:31:07.189Z] [update-default-us-central1-api] Retrying task index 0
[debug] [2026-06-14T02:31:07.189Z] Checked if tokens are valid: true, expires at: 1781406997281
[debug] [2026-06-14T02:31:07.189Z] Checked if tokens are valid: true, expires at: 1781406997281
[debug] [2026-06-14T02:31:07.189Z] >>> [apiv2][query] GET https://cloudfunctions.googleapis.com/v2/projects/ridermind-f546f/locations/us-central1/operations/operation-1781404267522-6542d80912873-34c5f785-c91933b7 [none]
[debug] [2026-06-14T02:31:08.324Z] <<< [apiv2][status] GET https://cloudfunctions.googleapis.com/v2/projects/ridermind-f546f/locations/us-central1/operations/operation-1781404267522-6542d80912873-34c5f785-c91933b7 200
[debug] [2026-06-14T02:31:08.324Z] <<< [apiv2][body] GET https://cloudfunctions.googleapis.com/v2/projects/ridermind-f546f/locations/us-central1/operations/operation-1781404267522-6542d80912873-34c5f785-c91933b7 {"name":"projects/ridermind-f546f/locations/us-central1/operations/operation-1781404267522-6542d80912873-34c5f785-c91933b7","metadata":{"@type":"type.googleapis.com/google.cloud.functions.v2.OperationMetadata","createTime":"2026-06-14T02:31:08.717660291Z","target":"projects/ridermind-f546f/locations/us-central1/functions/api","verb":"update","cancelRequested":false,"apiVersion":"v2","requestResource":{"@type":"type.googleapis.com/google.cloud.functions.v2.Function","name":"projects/ridermind-f546f/locations/us-central1/functions/api","buildConfig":{"runtime":"nodejs20","entryPoint":"api","source":{"storageSource":{"bucket":"gcf-v2-sources-422879281404-us-central1","object":"api/function-source.zip","generation":"1781404268666112"}},"environmentVariables":{"GOOGLE_NODE_RUN_SCRIPTS":""},"dockerRepository":"projects/ridermind-f546f/locations/us-central1/repositories/gcf-artifacts","sourceProvenance":{"resolvedStorageSource":{"bucket":"gcf-v2-sources-422879281404-us-central1","object":"api/function-source.zip","generation":"1781204572614036"}},"dockerRegistry":"ARTIFACT_REGISTRY","serviceAccount":"projects/ridermind-f546f/serviceAccounts/422879281404-compute@developer.gserviceaccount.com","automaticUpdatePolicy":{}},"serviceConfig":{"service":"projects/ridermind-f546f/locations/us-central1/services/api","timeoutSeconds":60,"environmentVariables":{"FIREBASE_CONFIG":"{\"projectId\":\"ridermind-f546f\",\"storageBucket\":\"ridermind-f546f.firebasestorage.app\"}","GCLOUD_PROJECT":"ridermind-f546f","EVENTARC_CLOUD_EVENT_SOURCE":"projects/ridermind-f546f/locations/us-central1/services/api","FUNCTION_TARGET":"api","LOG_EXECUTION_ID":"true"},"maxInstanceCount":10,"ingressSettings":"ALLOW_ALL","serviceAccountEmail":"422879281404-compute@developer.gserviceaccount.com","availableMemory":"512Mi","maxInstanceRequestConcurrency":80,"availableCpu":"1"},"state":"UNKNOWN","labels":{"firebase-functions-hash":"9f59e0c7b7951bf31f8f92926c24b8f6a1664b70"},"stateMessages":[{"severity":"ERROR","type":"CloudRunServiceNotFound","message":"Cloud Run service projects/ridermind-f546f/locations/us-central1/services/api for the function was not found. The function will not work correctly. Please redeploy."}],"environment":"GEN_2","url":"https://us-central1-ridermind-f546f.cloudfunctions.net/api","satisfiesPzi":true},"stages":[{"name":"BUILD","message":"Build in progress","state":"IN_PROGRESS","resource":"projects/422879281404/locations/us-central1/builds/0b51cac7-5c2f-43bd-814d-103696cc9a26","resourceUri":"https://console.cloud.google.com/cloud-build/builds;region=us-central1/0b51cac7-5c2f-43bd-814d-103696cc9a26?project=422879281404"},{"name":"SERVICE","state":"NOT_STARTED"}],"operationType":"UPDATE_FUNCTION","buildName":"projects/422879281404/locations/us-central1/builds/0b51cac7-5c2f-43bd-814d-103696cc9a26"},"done":false}
[debug] [2026-06-14T02:31:09.338Z] [update-default-us-central1-api] Retrying task index 0
[debug] [2026-06-14T02:31:09.338Z] Checked if tokens are valid: true, expires at: 1781406997281
[debug] [2026-06-14T02:31:09.338Z] Checked if tokens are valid: true, expires at: 1781406997281
[debug] [2026-06-14T02:31:09.338Z] >>> [apiv2][query] GET https://cloudfunctions.googleapis.com/v2/projects/ridermind-f546f/locations/us-central1/operations/operation-1781404267522-6542d80912873-34c5f785-c91933b7 [none]
[debug] [2026-06-14T02:31:10.458Z] <<< [apiv2][status] GET https://cloudfunctions.googleapis.com/v2/projects/ridermind-f546f/locations/us-central1/operations/operation-1781404267522-6542d80912873-34c5f785-c91933b7 200
[debug] [2026-06-14T02:31:10.458Z] <<< [apiv2][body] GET https://cloudfunctions.googleapis.com/v2/projects/ridermind-f546f/locations/us-central1/operations/operation-1781404267522-6542d80912873-34c5f785-c91933b7 {"name":"projects/ridermind-f546f/locations/us-central1/operations/operation-1781404267522-6542d80912873-34c5f785-c91933b7","metadata":{"@type":"type.googleapis.com/google.cloud.functions.v2.OperationMetadata","createTime":"2026-06-14T02:31:08.717660291Z","target":"projects/ridermind-f546f/locations/us-central1/functions/api","verb":"update","cancelRequested":false,"apiVersion":"v2","requestResource":{"@type":"type.googleapis.com/google.cloud.functions.v2.Function","name":"projects/ridermind-f546f/locations/us-central1/functions/api","buildConfig":{"runtime":"nodejs20","entryPoint":"api","source":{"storageSource":{"bucket":"gcf-v2-sources-422879281404-us-central1","object":"api/function-source.zip","generation":"1781404268666112"}},"environmentVariables":{"GOOGLE_NODE_RUN_SCRIPTS":""},"dockerRepository":"projects/ridermind-f546f/locations/us-central1/repositories/gcf-artifacts","sourceProvenance":{"resolvedStorageSource":{"bucket":"gcf-v2-sources-422879281404-us-central1","object":"api/function-source.zip","generation":"1781204572614036"}},"dockerRegistry":"ARTIFACT_REGISTRY","serviceAccount":"projects/ridermind-f546f/serviceAccounts/422879281404-compute@developer.gserviceaccount.com","automaticUpdatePolicy":{}},"serviceConfig":{"service":"projects/ridermind-f546f/locations/us-central1/services/api","timeoutSeconds":60,"environmentVariables":{"FIREBASE_CONFIG":"{\"projectId\":\"ridermind-f546f\",\"storageBucket\":\"ridermind-f546f.firebasestorage.app\"}","GCLOUD_PROJECT":"ridermind-f546f","EVENTARC_CLOUD_EVENT_SOURCE":"projects/ridermind-f546f/locations/us-central1/services/api","FUNCTION_TARGET":"api","LOG_EXECUTION_ID":"true"},"maxInstanceCount":10,"ingressSettings":"ALLOW_ALL","serviceAccountEmail":"422879281404-compute@developer.gserviceaccount.com","availableMemory":"512Mi","maxInstanceRequestConcurrency":80,"availableCpu":"1"},"state":"UNKNOWN","labels":{"firebase-functions-hash":"9f59e0c7b7951bf31f8f92926c24b8f6a1664b70"},"stateMessages":[{"severity":"ERROR","type":"CloudRunServiceNotFound","message":"Cloud Run service projects/ridermind-f546f/locations/us-central1/services/api for the function was not found. The function will not work correctly. Please redeploy."}],"environment":"GEN_2","url":"https://us-central1-ridermind-f546f.cloudfunctions.net/api","satisfiesPzi":true},"stages":[{"name":"BUILD","message":"Build in progress","state":"IN_PROGRESS","resource":"projects/422879281404/locations/us-central1/builds/0b51cac7-5c2f-43bd-814d-103696cc9a26","resourceUri":"https://console.cloud.google.com/cloud-build/builds;region=us-central1/0b51cac7-5c2f-43bd-814d-103696cc9a26?project=422879281404"},{"name":"SERVICE","state":"NOT_STARTED"}],"operationType":"UPDATE_FUNCTION","buildName":"projects/422879281404/locations/us-central1/builds/0b51cac7-5c2f-43bd-814d-103696cc9a26"},"done":false}
[debug] [2026-06-14T02:31:12.463Z] [update-default-us-central1-api] Retrying task index 0
[debug] [2026-06-14T02:31:12.463Z] Checked if tokens are valid: true, expires at: 1781406997281
[debug] [2026-06-14T02:31:12.463Z] Checked if tokens are valid: true, expires at: 1781406997281
[debug] [2026-06-14T02:31:12.464Z] >>> [apiv2][query] GET https://cloudfunctions.googleapis.com/v2/projects/ridermind-f546f/locations/us-central1/operations/operation-1781404267522-6542d80912873-34c5f785-c91933b7 [none]
[debug] [2026-06-14T02:31:13.569Z] <<< [apiv2][status] GET https://cloudfunctions.googleapis.com/v2/projects/ridermind-f546f/locations/us-central1/operations/operation-1781404267522-6542d80912873-34c5f785-c91933b7 200
[debug] [2026-06-14T02:31:13.569Z] <<< [apiv2][body] GET https://cloudfunctions.googleapis.com/v2/projects/ridermind-f546f/locations/us-central1/operations/operation-1781404267522-6542d80912873-34c5f785-c91933b7 {"name":"projects/ridermind-f546f/locations/us-central1/operations/operation-1781404267522-6542d80912873-34c5f785-c91933b7","metadata":{"@type":"type.googleapis.com/google.cloud.functions.v2.OperationMetadata","createTime":"2026-06-14T02:31:08.717660291Z","target":"projects/ridermind-f546f/locations/us-central1/functions/api","verb":"update","cancelRequested":false,"apiVersion":"v2","requestResource":{"@type":"type.googleapis.com/google.cloud.functions.v2.Function","name":"projects/ridermind-f546f/locations/us-central1/functions/api","buildConfig":{"runtime":"nodejs20","entryPoint":"api","source":{"storageSource":{"bucket":"gcf-v2-sources-422879281404-us-central1","object":"api/function-source.zip","generation":"1781404268666112"}},"environmentVariables":{"GOOGLE_NODE_RUN_SCRIPTS":""},"dockerRepository":"projects/ridermind-f546f/locations/us-central1/repositories/gcf-artifacts","sourceProvenance":{"resolvedStorageSource":{"bucket":"gcf-v2-sources-422879281404-us-central1","object":"api/function-source.zip","generation":"1781204572614036"}},"dockerRegistry":"ARTIFACT_REGISTRY","serviceAccount":"projects/ridermind-f546f/serviceAccounts/422879281404-compute@developer.gserviceaccount.com","automaticUpdatePolicy":{}},"serviceConfig":{"service":"projects/ridermind-f546f/locations/us-central1/services/api","timeoutSeconds":60,"environmentVariables":{"FIREBASE_CONFIG":"{\"projectId\":\"ridermind-f546f\",\"storageBucket\":\"ridermind-f546f.firebasestorage.app\"}","GCLOUD_PROJECT":"ridermind-f546f","EVENTARC_CLOUD_EVENT_SOURCE":"projects/ridermind-f546f/locations/us-central1/services/api","FUNCTION_TARGET":"api","LOG_EXECUTION_ID":"true"},"maxInstanceCount":10,"ingressSettings":"ALLOW_ALL","serviceAccountEmail":"422879281404-compute@developer.gserviceaccount.com","availableMemory":"512Mi","maxInstanceRequestConcurrency":80,"availableCpu":"1"},"state":"UNKNOWN","labels":{"firebase-functions-hash":"9f59e0c7b7951bf31f8f92926c24b8f6a1664b70"},"stateMessages":[{"severity":"ERROR","type":"CloudRunServiceNotFound","message":"Cloud Run service projects/ridermind-f546f/locations/us-central1/services/api for the function was not found. The function will not work correctly. Please redeploy."}],"environment":"GEN_2","url":"https://us-central1-ridermind-f546f.cloudfunctions.net/api","satisfiesPzi":true},"stages":[{"name":"BUILD","message":"Build in progress","state":"IN_PROGRESS","resource":"projects/422879281404/locations/us-central1/builds/0b51cac7-5c2f-43bd-814d-103696cc9a26","resourceUri":"https://console.cloud.google.com/cloud-build/builds;region=us-central1/0b51cac7-5c2f-43bd-814d-103696cc9a26?project=422879281404"},{"name":"SERVICE","state":"NOT_STARTED"}],"operationType":"UPDATE_FUNCTION","buildName":"projects/422879281404/locations/us-central1/builds/0b51cac7-5c2f-43bd-814d-103696cc9a26"},"done":false}
[debug] [2026-06-14T02:31:17.584Z] [update-default-us-central1-api] Retrying task index 0
[debug] [2026-06-14T02:31:17.584Z] Checked if tokens are valid: true, expires at: 1781406997281
[debug] [2026-06-14T02:31:17.584Z] Checked if tokens are valid: true, expires at: 1781406997281
[debug] [2026-06-14T02:31:17.584Z] >>> [apiv2][query] GET https://cloudfunctions.googleapis.com/v2/projects/ridermind-f546f/locations/us-central1/operations/operation-1781404267522-6542d80912873-34c5f785-c91933b7 [none]
[debug] [2026-06-14T02:31:18.798Z] <<< [apiv2][status] GET https://cloudfunctions.googleapis.com/v2/projects/ridermind-f546f/locations/us-central1/operations/operation-1781404267522-6542d80912873-34c5f785-c91933b7 200
[debug] [2026-06-14T02:31:18.799Z] <<< [apiv2][body] GET https://cloudfunctions.googleapis.com/v2/projects/ridermind-f546f/locations/us-central1/operations/operation-1781404267522-6542d80912873-34c5f785-c91933b7 {"name":"projects/ridermind-f546f/locations/us-central1/operations/operation-1781404267522-6542d80912873-34c5f785-c91933b7","metadata":{"@type":"type.googleapis.com/google.cloud.functions.v2.OperationMetadata","createTime":"2026-06-14T02:31:08.717660291Z","target":"projects/ridermind-f546f/locations/us-central1/functions/api","verb":"update","cancelRequested":false,"apiVersion":"v2","requestResource":{"@type":"type.googleapis.com/google.cloud.functions.v2.Function","name":"projects/ridermind-f546f/locations/us-central1/functions/api","buildConfig":{"runtime":"nodejs20","entryPoint":"api","source":{"storageSource":{"bucket":"gcf-v2-sources-422879281404-us-central1","object":"api/function-source.zip","generation":"1781404268666112"}},"environmentVariables":{"GOOGLE_NODE_RUN_SCRIPTS":""},"dockerRepository":"projects/ridermind-f546f/locations/us-central1/repositories/gcf-artifacts","sourceProvenance":{"resolvedStorageSource":{"bucket":"gcf-v2-sources-422879281404-us-central1","object":"api/function-source.zip","generation":"1781204572614036"}},"dockerRegistry":"ARTIFACT_REGISTRY","serviceAccount":"projects/ridermind-f546f/serviceAccounts/422879281404-compute@developer.gserviceaccount.com","automaticUpdatePolicy":{}},"serviceConfig":{"service":"projects/ridermind-f546f/locations/us-central1/services/api","timeoutSeconds":60,"environmentVariables":{"FIREBASE_CONFIG":"{\"projectId\":\"ridermind-f546f\",\"storageBucket\":\"ridermind-f546f.firebasestorage.app\"}","GCLOUD_PROJECT":"ridermind-f546f","EVENTARC_CLOUD_EVENT_SOURCE":"projects/ridermind-f546f/locations/us-central1/services/api","FUNCTION_TARGET":"api","LOG_EXECUTION_ID":"true"},"maxInstanceCount":10,"ingressSettings":"ALLOW_ALL","serviceAccountEmail":"422879281404-compute@developer.gserviceaccount.com","availableMemory":"512Mi","maxInstanceRequestConcurrency":80,"availableCpu":"1"},"state":"UNKNOWN","labels":{"firebase-functions-hash":"9f59e0c7b7951bf31f8f92926c24b8f6a1664b70"},"stateMessages":[{"severity":"ERROR","type":"CloudRunServiceNotFound","message":"Cloud Run service projects/ridermind-f546f/locations/us-central1/services/api for the function was not found. The function will not work correctly. Please redeploy."}],"environment":"GEN_2","url":"https://us-central1-ridermind-f546f.cloudfunctions.net/api","satisfiesPzi":true},"stages":[{"name":"BUILD","message":"Build in progress","state":"IN_PROGRESS","resource":"projects/422879281404/locations/us-central1/builds/0b51cac7-5c2f-43bd-814d-103696cc9a26","resourceUri":"https://console.cloud.google.com/cloud-build/builds;region=us-central1/0b51cac7-5c2f-43bd-814d-103696cc9a26?project=422879281404"},{"name":"SERVICE","state":"NOT_STARTED"}],"operationType":"UPDATE_FUNCTION","buildName":"projects/422879281404/locations/us-central1/builds/0b51cac7-5c2f-43bd-814d-103696cc9a26"},"done":false}
[debug] [2026-06-14T02:31:26.805Z] [update-default-us-central1-api] Retrying task index 0
[debug] [2026-06-14T02:31:26.805Z] Checked if tokens are valid: true, expires at: 1781406997281
[debug] [2026-06-14T02:31:26.806Z] Checked if tokens are valid: true, expires at: 1781406997281
[debug] [2026-06-14T02:31:26.806Z] >>> [apiv2][query] GET https://cloudfunctions.googleapis.com/v2/projects/ridermind-f546f/locations/us-central1/operations/operation-1781404267522-6542d80912873-34c5f785-c91933b7 [none]
[debug] [2026-06-14T02:31:28.170Z] <<< [apiv2][status] GET https://cloudfunctions.googleapis.com/v2/projects/ridermind-f546f/locations/us-central1/operations/operation-1781404267522-6542d80912873-34c5f785-c91933b7 200
[debug] [2026-06-14T02:31:28.170Z] <<< [apiv2][body] GET https://cloudfunctions.googleapis.com/v2/projects/ridermind-f546f/locations/us-central1/operations/operation-1781404267522-6542d80912873-34c5f785-c91933b7 {"name":"projects/ridermind-f546f/locations/us-central1/operations/operation-1781404267522-6542d80912873-34c5f785-c91933b7","metadata":{"@type":"type.googleapis.com/google.cloud.functions.v2.OperationMetadata","createTime":"2026-06-14T02:31:08.717660291Z","target":"projects/ridermind-f546f/locations/us-central1/functions/api","verb":"update","cancelRequested":false,"apiVersion":"v2","requestResource":{"@type":"type.googleapis.com/google.cloud.functions.v2.Function","name":"projects/ridermind-f546f/locations/us-central1/functions/api","buildConfig":{"runtime":"nodejs20","entryPoint":"api","source":{"storageSource":{"bucket":"gcf-v2-sources-422879281404-us-central1","object":"api/function-source.zip","generation":"1781404268666112"}},"environmentVariables":{"GOOGLE_NODE_RUN_SCRIPTS":""},"dockerRepository":"projects/ridermind-f546f/locations/us-central1/repositories/gcf-artifacts","sourceProvenance":{"resolvedStorageSource":{"bucket":"gcf-v2-sources-422879281404-us-central1","object":"api/function-source.zip","generation":"1781204572614036"}},"dockerRegistry":"ARTIFACT_REGISTRY","serviceAccount":"projects/ridermind-f546f/serviceAccounts/422879281404-compute@developer.gserviceaccount.com","automaticUpdatePolicy":{}},"serviceConfig":{"service":"projects/ridermind-f546f/locations/us-central1/services/api","timeoutSeconds":60,"environmentVariables":{"FIREBASE_CONFIG":"{\"projectId\":\"ridermind-f546f\",\"storageBucket\":\"ridermind-f546f.firebasestorage.app\"}","GCLOUD_PROJECT":"ridermind-f546f","EVENTARC_CLOUD_EVENT_SOURCE":"projects/ridermind-f546f/locations/us-central1/services/api","FUNCTION_TARGET":"api","LOG_EXECUTION_ID":"true"},"maxInstanceCount":10,"ingressSettings":"ALLOW_ALL","serviceAccountEmail":"422879281404-compute@developer.gserviceaccount.com","availableMemory":"512Mi","maxInstanceRequestConcurrency":80,"availableCpu":"1"},"state":"UNKNOWN","labels":{"firebase-functions-hash":"9f59e0c7b7951bf31f8f92926c24b8f6a1664b70"},"stateMessages":[{"severity":"ERROR","type":"CloudRunServiceNotFound","message":"Cloud Run service projects/ridermind-f546f/locations/us-central1/services/api for the function was not found. The function will not work correctly. Please redeploy."}],"environment":"GEN_2","url":"https://us-central1-ridermind-f546f.cloudfunctions.net/api","satisfiesPzi":true},"stages":[{"name":"BUILD","message":"Build in progress","state":"IN_PROGRESS","resource":"projects/422879281404/locations/us-central1/builds/0b51cac7-5c2f-43bd-814d-103696cc9a26","resourceUri":"https://console.cloud.google.com/cloud-build/builds;region=us-central1/0b51cac7-5c2f-43bd-814d-103696cc9a26?project=422879281404"},{"name":"SERVICE","state":"NOT_STARTED"}],"operationType":"UPDATE_FUNCTION","buildName":"projects/422879281404/locations/us-central1/builds/0b51cac7-5c2f-43bd-814d-103696cc9a26"},"done":false}
[debug] [2026-06-14T02:31:38.171Z] [update-default-us-central1-api] Retrying task index 0
[debug] [2026-06-14T02:31:38.172Z] Checked if tokens are valid: true, expires at: 1781406997281
[debug] [2026-06-14T02:31:38.172Z] Checked if tokens are valid: true, expires at: 1781406997281
[debug] [2026-06-14T02:31:38.172Z] >>> [apiv2][query] GET https://cloudfunctions.googleapis.com/v2/projects/ridermind-f546f/locations/us-central1/operations/operation-1781404267522-6542d80912873-34c5f785-c91933b7 [none]
[debug] [2026-06-14T02:31:39.488Z] <<< [apiv2][status] GET https://cloudfunctions.googleapis.com/v2/projects/ridermind-f546f/locations/us-central1/operations/operation-1781404267522-6542d80912873-34c5f785-c91933b7 200
[debug] [2026-06-14T02:31:39.488Z] <<< [apiv2][body] GET https://cloudfunctions.googleapis.com/v2/projects/ridermind-f546f/locations/us-central1/operations/operation-1781404267522-6542d80912873-34c5f785-c91933b7 {"name":"projects/ridermind-f546f/locations/us-central1/operations/operation-1781404267522-6542d80912873-34c5f785-c91933b7","metadata":{"@type":"type.googleapis.com/google.cloud.functions.v2.OperationMetadata","createTime":"2026-06-14T02:31:08.717660291Z","target":"projects/ridermind-f546f/locations/us-central1/functions/api","verb":"update","cancelRequested":false,"apiVersion":"v2","requestResource":{"@type":"type.googleapis.com/google.cloud.functions.v2.Function","name":"projects/ridermind-f546f/locations/us-central1/functions/api","buildConfig":{"runtime":"nodejs20","entryPoint":"api","source":{"storageSource":{"bucket":"gcf-v2-sources-422879281404-us-central1","object":"api/function-source.zip","generation":"1781404268666112"}},"environmentVariables":{"GOOGLE_NODE_RUN_SCRIPTS":""},"dockerRepository":"projects/ridermind-f546f/locations/us-central1/repositories/gcf-artifacts","sourceProvenance":{"resolvedStorageSource":{"bucket":"gcf-v2-sources-422879281404-us-central1","object":"api/function-source.zip","generation":"1781204572614036"}},"dockerRegistry":"ARTIFACT_REGISTRY","serviceAccount":"projects/ridermind-f546f/serviceAccounts/422879281404-compute@developer.gserviceaccount.com","automaticUpdatePolicy":{}},"serviceConfig":{"service":"projects/ridermind-f546f/locations/us-central1/services/api","timeoutSeconds":60,"environmentVariables":{"FIREBASE_CONFIG":"{\"projectId\":\"ridermind-f546f\",\"storageBucket\":\"ridermind-f546f.firebasestorage.app\"}","GCLOUD_PROJECT":"ridermind-f546f","EVENTARC_CLOUD_EVENT_SOURCE":"projects/ridermind-f546f/locations/us-central1/services/api","FUNCTION_TARGET":"api","LOG_EXECUTION_ID":"true"},"maxInstanceCount":10,"ingressSettings":"ALLOW_ALL","serviceAccountEmail":"422879281404-compute@developer.gserviceaccount.com","availableMemory":"512Mi","maxInstanceRequestConcurrency":80,"availableCpu":"1"},"state":"UNKNOWN","labels":{"firebase-functions-hash":"9f59e0c7b7951bf31f8f92926c24b8f6a1664b70"},"stateMessages":[{"severity":"ERROR","type":"CloudRunServiceNotFound","message":"Cloud Run service projects/ridermind-f546f/locations/us-central1/services/api for the function was not found. The function will not work correctly. Please redeploy."}],"environment":"GEN_2","url":"https://us-central1-ridermind-f546f.cloudfunctions.net/api","satisfiesPzi":true},"stages":[{"name":"BUILD","message":"Build in progress","state":"IN_PROGRESS","resource":"projects/422879281404/locations/us-central1/builds/0b51cac7-5c2f-43bd-814d-103696cc9a26","resourceUri":"https://console.cloud.google.com/cloud-build/builds;region=us-central1/0b51cac7-5c2f-43bd-814d-103696cc9a26?project=422879281404"},{"name":"SERVICE","state":"NOT_STARTED"}],"operationType":"UPDATE_FUNCTION","buildName":"projects/422879281404/locations/us-central1/builds/0b51cac7-5c2f-43bd-814d-103696cc9a26"},"done":false}
[debug] [2026-06-14T02:31:49.495Z] [update-default-us-central1-api] Retrying task index 0
[debug] [2026-06-14T02:31:49.495Z] Checked if tokens are valid: true, expires at: 1781406997281
[debug] [2026-06-14T02:31:49.495Z] Checked if tokens are valid: true, expires at: 1781406997281
[debug] [2026-06-14T02:31:49.495Z] >>> [apiv2][query] GET https://cloudfunctions.googleapis.com/v2/projects/ridermind-f546f/locations/us-central1/operations/operation-1781404267522-6542d80912873-34c5f785-c91933b7 [none]
[debug] [2026-06-14T02:31:50.678Z] <<< [apiv2][status] GET https://cloudfunctions.googleapis.com/v2/projects/ridermind-f546f/locations/us-central1/operations/operation-1781404267522-6542d80912873-34c5f785-c91933b7 200
[debug] [2026-06-14T02:31:50.678Z] <<< [apiv2][body] GET https://cloudfunctions.googleapis.com/v2/projects/ridermind-f546f/locations/us-central1/operations/operation-1781404267522-6542d80912873-34c5f785-c91933b7 {"name":"projects/ridermind-f546f/locations/us-central1/operations/operation-1781404267522-6542d80912873-34c5f785-c91933b7","metadata":{"@type":"type.googleapis.com/google.cloud.functions.v2.OperationMetadata","createTime":"2026-06-14T02:31:08.717660291Z","target":"projects/ridermind-f546f/locations/us-central1/functions/api","verb":"update","cancelRequested":false,"apiVersion":"v2","requestResource":{"@type":"type.googleapis.com/google.cloud.functions.v2.Function","name":"projects/ridermind-f546f/locations/us-central1/functions/api","buildConfig":{"runtime":"nodejs20","entryPoint":"api","source":{"storageSource":{"bucket":"gcf-v2-sources-422879281404-us-central1","object":"api/function-source.zip","generation":"1781404268666112"}},"environmentVariables":{"GOOGLE_NODE_RUN_SCRIPTS":""},"dockerRepository":"projects/ridermind-f546f/locations/us-central1/repositories/gcf-artifacts","sourceProvenance":{"resolvedStorageSource":{"bucket":"gcf-v2-sources-422879281404-us-central1","object":"api/function-source.zip","generation":"1781204572614036"}},"dockerRegistry":"ARTIFACT_REGISTRY","serviceAccount":"projects/ridermind-f546f/serviceAccounts/422879281404-compute@developer.gserviceaccount.com","automaticUpdatePolicy":{}},"serviceConfig":{"service":"projects/ridermind-f546f/locations/us-central1/services/api","timeoutSeconds":60,"environmentVariables":{"FIREBASE_CONFIG":"{\"projectId\":\"ridermind-f546f\",\"storageBucket\":\"ridermind-f546f.firebasestorage.app\"}","GCLOUD_PROJECT":"ridermind-f546f","EVENTARC_CLOUD_EVENT_SOURCE":"projects/ridermind-f546f/locations/us-central1/services/api","FUNCTION_TARGET":"api","LOG_EXECUTION_ID":"true"},"maxInstanceCount":10,"ingressSettings":"ALLOW_ALL","serviceAccountEmail":"422879281404-compute@developer.gserviceaccount.com","availableMemory":"512Mi","maxInstanceRequestConcurrency":80,"availableCpu":"1"},"state":"UNKNOWN","labels":{"firebase-functions-hash":"9f59e0c7b7951bf31f8f92926c24b8f6a1664b70"},"stateMessages":[{"severity":"ERROR","type":"CloudRunServiceNotFound","message":"Cloud Run service projects/ridermind-f546f/locations/us-central1/services/api for the function was not found. The function will not work correctly. Please redeploy."}],"environment":"GEN_2","url":"https://us-central1-ridermind-f546f.cloudfunctions.net/api","satisfiesPzi":true},"stages":[{"name":"BUILD","message":"Build in progress","state":"IN_PROGRESS","resource":"projects/422879281404/locations/us-central1/builds/0b51cac7-5c2f-43bd-814d-103696cc9a26","resourceUri":"https://console.cloud.google.com/cloud-build/builds;region=us-central1/0b51cac7-5c2f-43bd-814d-103696cc9a26?project=422879281404"},{"name":"SERVICE","state":"NOT_STARTED"}],"operationType":"UPDATE_FUNCTION","buildName":"projects/422879281404/locations/us-central1/builds/0b51cac7-5c2f-43bd-814d-103696cc9a26"},"done":false}
[debug] [2026-06-14T02:32:00.683Z] [update-default-us-central1-api] Retrying task index 0
[debug] [2026-06-14T02:32:00.684Z] Checked if tokens are valid: true, expires at: 1781406997281
[debug] [2026-06-14T02:32:00.684Z] Checked if tokens are valid: true, expires at: 1781406997281
[debug] [2026-06-14T02:32:00.684Z] >>> [apiv2][query] GET https://cloudfunctions.googleapis.com/v2/projects/ridermind-f546f/locations/us-central1/operations/operation-1781404267522-6542d80912873-34c5f785-c91933b7 [none]
[debug] [2026-06-14T02:32:01.860Z] <<< [apiv2][status] GET https://cloudfunctions.googleapis.com/v2/projects/ridermind-f546f/locations/us-central1/operations/operation-1781404267522-6542d80912873-34c5f785-c91933b7 200
[debug] [2026-06-14T02:32:01.860Z] <<< [apiv2][body] GET https://cloudfunctions.googleapis.com/v2/projects/ridermind-f546f/locations/us-central1/operations/operation-1781404267522-6542d80912873-34c5f785-c91933b7 {"name":"projects/ridermind-f546f/locations/us-central1/operations/operation-1781404267522-6542d80912873-34c5f785-c91933b7","metadata":{"@type":"type.googleapis.com/google.cloud.functions.v2.OperationMetadata","createTime":"2026-06-14T02:31:08.717660291Z","target":"projects/ridermind-f546f/locations/us-central1/functions/api","verb":"update","cancelRequested":false,"apiVersion":"v2","requestResource":{"@type":"type.googleapis.com/google.cloud.functions.v2.Function","name":"projects/ridermind-f546f/locations/us-central1/functions/api","buildConfig":{"runtime":"nodejs20","entryPoint":"api","source":{"storageSource":{"bucket":"gcf-v2-sources-422879281404-us-central1","object":"api/function-source.zip","generation":"1781404268666112"}},"environmentVariables":{"GOOGLE_NODE_RUN_SCRIPTS":""},"dockerRepository":"projects/ridermind-f546f/locations/us-central1/repositories/gcf-artifacts","sourceProvenance":{"resolvedStorageSource":{"bucket":"gcf-v2-sources-422879281404-us-central1","object":"api/function-source.zip","generation":"1781204572614036"}},"dockerRegistry":"ARTIFACT_REGISTRY","serviceAccount":"projects/ridermind-f546f/serviceAccounts/422879281404-compute@developer.gserviceaccount.com","automaticUpdatePolicy":{}},"serviceConfig":{"service":"projects/ridermind-f546f/locations/us-central1/services/api","timeoutSeconds":60,"environmentVariables":{"FIREBASE_CONFIG":"{\"projectId\":\"ridermind-f546f\",\"storageBucket\":\"ridermind-f546f.firebasestorage.app\"}","GCLOUD_PROJECT":"ridermind-f546f","EVENTARC_CLOUD_EVENT_SOURCE":"projects/ridermind-f546f/locations/us-central1/services/api","FUNCTION_TARGET":"api","LOG_EXECUTION_ID":"true"},"maxInstanceCount":10,"ingressSettings":"ALLOW_ALL","serviceAccountEmail":"422879281404-compute@developer.gserviceaccount.com","availableMemory":"512Mi","maxInstanceRequestConcurrency":80,"availableCpu":"1"},"state":"UNKNOWN","labels":{"firebase-functions-hash":"9f59e0c7b7951bf31f8f92926c24b8f6a1664b70"},"stateMessages":[{"severity":"ERROR","type":"CloudRunServiceNotFound","message":"Cloud Run service projects/ridermind-f546f/locations/us-central1/services/api for the function was not found. The function will not work correctly. Please redeploy."}],"environment":"GEN_2","url":"https://us-central1-ridermind-f546f.cloudfunctions.net/api","satisfiesPzi":true},"stages":[{"name":"BUILD","message":"Build finished","state":"COMPLETE","resource":"projects/422879281404/locations/us-central1/builds/0b51cac7-5c2f-43bd-814d-103696cc9a26","resourceUri":"https://console.cloud.google.com/cloud-build/builds;region=us-central1/0b51cac7-5c2f-43bd-814d-103696cc9a26?project=422879281404"},{"name":"SERVICE","message":"Updating Cloud Run service","state":"IN_PROGRESS","resource":"projects/ridermind-f546f/locations/us-central1/services/api","resourceUri":"https://console.cloud.google.com/run/detail/us-central1/api?project=ridermind-f546f","stateMessages":[{"severity":"WARNING","type":"CloudRunServiceRecreated","message":"Cloud Run service projects/ridermind-f546f/locations/us-central1/services/api for the function was not found. The service was redeployed with default values."}]}],"sourceToken":"Cldwcm9qZWN0cy80MjI4NzkyODE0MDQvbG9jYXRpb25zL3VzLWNlbnRyYWwxL2J1aWxkcy8wYjUxY2FjNy01YzJmLTQzYmQtODE0ZC0xMDM2OTZjYzlhMjYSZnVzLWNlbnRyYWwxLWRvY2tlci5wa2cuZGV2L3JpZGVybWluZC1mNTQ2Zi9nY2YtYXJ0aWZhY3RzL3JpZGVybWluZC0tZjU0NmZfX3VzLS1jZW50cmFsMV9fYXBpOnZlcnNpb25fMRj8gcespwwiPHByb2plY3RzL3JpZGVybWluZC1mNTQ2Zi9sb2NhdGlvbnMvdXMtY2VudHJhbDEvZnVuY3Rpb25zL2FwaSoMCKCluNEGEMiTwvgCMghub2RlanMyMDp2CiNnY3IuaW8vZ2FlLXJ1bnRpbWVzL25vZGVqczIwOnN0YWJsZRJPdXMtY2VudHJhbDEtZG9ja2VyLnBrZy5kZXYvc2VydmVybGVzcy1ydW50aW1lcy9nb29nbGUtMjItZnVsbC9ydW50aW1lcy9ub2RlanMyMEAB","operationType":"UPDATE_FUNCTION","buildName":"projects/422879281404/locations/us-central1/builds/0b51cac7-5c2f-43bd-814d-103696cc9a26"},"done":false}
[debug] [2026-06-14T02:32:01.860Z] Got source token Cldwcm9qZWN0cy80MjI4NzkyODE0MDQvbG9jYXRpb25zL3VzLWNlbnRyYWwxL2J1aWxkcy8wYjUxY2FjNy01YzJmLTQzYmQtODE0ZC0xMDM2OTZjYzlhMjYSZnVzLWNlbnRyYWwxLWRvY2tlci5wa2cuZGV2L3JpZGVybWluZC1mNTQ2Zi9nY2YtYXJ0aWZhY3RzL3JpZGVybWluZC0tZjU0NmZfX3VzLS1jZW50cmFsMV9fYXBpOnZlcnNpb25fMRj8gcespwwiPHByb2plY3RzL3JpZGVybWluZC1mNTQ2Zi9sb2NhdGlvbnMvdXMtY2VudHJhbDEvZnVuY3Rpb25zL2FwaSoMCKCluNEGEMiTwvgCMghub2RlanMyMDp2CiNnY3IuaW8vZ2FlLXJ1bnRpbWVzL25vZGVqczIwOnN0YWJsZRJPdXMtY2VudHJhbDEtZG9ja2VyLnBrZy5kZXYvc2VydmVybGVzcy1ydW50aW1lcy9nb29nbGUtMjItZnVsbC9ydW50aW1lcy9ub2RlanMyMEAB for region us-central1
[debug] [2026-06-14T02:32:11.865Z] [update-default-us-central1-api] Retrying task index 0
[debug] [2026-06-14T02:32:11.865Z] Checked if tokens are valid: true, expires at: 1781406997281
[debug] [2026-06-14T02:32:11.866Z] Checked if tokens are valid: true, expires at: 1781406997281
[debug] [2026-06-14T02:32:11.866Z] >>> [apiv2][query] GET https://cloudfunctions.googleapis.com/v2/projects/ridermind-f546f/locations/us-central1/operations/operation-1781404267522-6542d80912873-34c5f785-c91933b7 [none]
[debug] [2026-06-14T02:32:13.028Z] <<< [apiv2][status] GET https://cloudfunctions.googleapis.com/v2/projects/ridermind-f546f/locations/us-central1/operations/operation-1781404267522-6542d80912873-34c5f785-c91933b7 200
[debug] [2026-06-14T02:32:13.028Z] <<< [apiv2][body] GET https://cloudfunctions.googleapis.com/v2/projects/ridermind-f546f/locations/us-central1/operations/operation-1781404267522-6542d80912873-34c5f785-c91933b7 {"name":"projects/ridermind-f546f/locations/us-central1/operations/operation-1781404267522-6542d80912873-34c5f785-c91933b7","metadata":{"@type":"type.googleapis.com/google.cloud.functions.v2.OperationMetadata","createTime":"2026-06-14T02:31:08.717660291Z","endTime":"2026-06-14T02:32:12.373527391Z","target":"projects/ridermind-f546f/locations/us-central1/functions/api","verb":"update","cancelRequested":false,"apiVersion":"v2","requestResource":{"@type":"type.googleapis.com/google.cloud.functions.v2.Function","name":"projects/ridermind-f546f/locations/us-central1/functions/api","buildConfig":{"runtime":"nodejs20","entryPoint":"api","source":{"storageSource":{"bucket":"gcf-v2-sources-422879281404-us-central1","object":"api/function-source.zip","generation":"1781404268666112"}},"environmentVariables":{"GOOGLE_NODE_RUN_SCRIPTS":""},"dockerRepository":"projects/ridermind-f546f/locations/us-central1/repositories/gcf-artifacts","sourceProvenance":{"resolvedStorageSource":{"bucket":"gcf-v2-sources-422879281404-us-central1","object":"api/function-source.zip","generation":"1781204572614036"}},"dockerRegistry":"ARTIFACT_REGISTRY","serviceAccount":"projects/ridermind-f546f/serviceAccounts/422879281404-compute@developer.gserviceaccount.com","automaticUpdatePolicy":{}},"serviceConfig":{"service":"projects/ridermind-f546f/locations/us-central1/services/api","timeoutSeconds":60,"environmentVariables":{"FIREBASE_CONFIG":"{\"projectId\":\"ridermind-f546f\",\"storageBucket\":\"ridermind-f546f.firebasestorage.app\"}","GCLOUD_PROJECT":"ridermind-f546f","EVENTARC_CLOUD_EVENT_SOURCE":"projects/ridermind-f546f/locations/us-central1/services/api","FUNCTION_TARGET":"api","LOG_EXECUTION_ID":"true"},"maxInstanceCount":10,"ingressSettings":"ALLOW_ALL","serviceAccountEmail":"422879281404-compute@developer.gserviceaccount.com","availableMemory":"512Mi","maxInstanceRequestConcurrency":80,"availableCpu":"1"},"state":"UNKNOWN","labels":{"firebase-functions-hash":"9f59e0c7b7951bf31f8f92926c24b8f6a1664b70"},"stateMessages":[{"severity":"ERROR","type":"CloudRunServiceNotFound","message":"Cloud Run service projects/ridermind-f546f/locations/us-central1/services/api for the function was not found. The function will not work correctly. Please redeploy."}],"environment":"GEN_2","url":"https://us-central1-ridermind-f546f.cloudfunctions.net/api","satisfiesPzi":true},"stages":[{"name":"BUILD","message":"Build finished","state":"COMPLETE","resource":"projects/422879281404/locations/us-central1/builds/0b51cac7-5c2f-43bd-814d-103696cc9a26","resourceUri":"https://console.cloud.google.com/cloud-build/builds;region=us-central1/0b51cac7-5c2f-43bd-814d-103696cc9a26?project=422879281404"},{"name":"SERVICE","message":"Updating Cloud Run service","state":"COMPLETE","resource":"projects/ridermind-f546f/locations/us-central1/services/api","resourceUri":"https://console.cloud.google.com/run/detail/us-central1/api?project=ridermind-f546f","stateMessages":[{"severity":"WARNING","type":"CloudRunServiceRecreated","message":"Cloud Run service projects/ridermind-f546f/locations/us-central1/services/api for the function was not found. The service was redeployed with default values."}]}],"sourceToken":"Cldwcm9qZWN0cy80MjI4NzkyODE0MDQvbG9jYXRpb25zL3VzLWNlbnRyYWwxL2J1aWxkcy8wYjUxY2FjNy01YzJmLTQzYmQtODE0ZC0xMDM2OTZjYzlhMjYSZnVzLWNlbnRyYWwxLWRvY2tlci5wa2cuZGV2L3JpZGVybWluZC1mNTQ2Zi9nY2YtYXJ0aWZhY3RzL3JpZGVybWluZC0tZjU0NmZfX3VzLS1jZW50cmFsMV9fYXBpOnZlcnNpb25fMRj8gcespwwiPHByb2plY3RzL3JpZGVybWluZC1mNTQ2Zi9sb2NhdGlvbnMvdXMtY2VudHJhbDEvZnVuY3Rpb25zL2FwaSoMCKCluNEGEMiTwvgCMghub2RlanMyMDp2CiNnY3IuaW8vZ2FlLXJ1bnRpbWVzL25vZGVqczIwOnN0YWJsZRJPdXMtY2VudHJhbDEtZG9ja2VyLnBrZy5kZXYvc2VydmVybGVzcy1ydW50aW1lcy9nb29nbGUtMjItZnVsbC9ydW50aW1lcy9ub2RlanMyMEAB","operationType":"UPDATE_FUNCTION","buildName":"projects/422879281404/locations/us-central1/builds/0b51cac7-5c2f-43bd-814d-103696cc9a26"},"done":true,"response":{"@type":"type.googleapis.com/google.cloud.functions.v2.Function","name":"projects/ridermind-f546f/locations/us-central1/functions/api","buildConfig":{"build":"projects/422879281404/locations/us-central1/builds/0b51cac7-5c2f-43bd-814d-103696cc9a26","runtime":"nodejs20","entryPoint":"api","source":{"storageSource":{"bucket":"gcf-v2-sources-422879281404-us-central1","object":"api/function-source.zip","generation":"1781404268666112"}},"environmentVariables":{"GOOGLE_NODE_RUN_SCRIPTS":""},"dockerRepository":"projects/ridermind-f546f/locations/us-central1/repositories/gcf-artifacts","sourceProvenance":{"resolvedStorageSource":{"bucket":"gcf-v2-sources-422879281404-us-central1","object":"api/function-source.zip","generation":"1781404268666112"}},"dockerRegistry":"ARTIFACT_REGISTRY","serviceAccount":"projects/ridermind-f546f/serviceAccounts/422879281404-compute@developer.gserviceaccount.com","automaticUpdatePolicy":{}},"serviceConfig":{"service":"projects/ridermind-f546f/locations/us-central1/services/api","timeoutSeconds":60,"environmentVariables":{"FIREBASE_CONFIG":"{\"projectId\":\"ridermind-f546f\",\"storageBucket\":\"ridermind-f546f.firebasestorage.app\"}","GCLOUD_PROJECT":"ridermind-f546f","EVENTARC_CLOUD_EVENT_SOURCE":"projects/ridermind-f546f/locations/us-central1/services/api","FUNCTION_TARGET":"api","LOG_EXECUTION_ID":"true"},"maxInstanceCount":10,"ingressSettings":"ALLOW_ALL","uri":"https://api-a2mulwfgra-uc.a.run.app","serviceAccountEmail":"422879281404-compute@developer.gserviceaccount.com","availableMemory":"512Mi","allTrafficOnLatestRevision":true,"revision":"api-00001-rab","maxInstanceRequestConcurrency":80,"availableCpu":"1"},"state":"ACTIVE","updateTime":"2026-06-14T02:31:08.720331801Z","labels":{"deployment-tool":"cli-firebase","firebase-functions-hash":"9f59e0c7b7951bf31f8f92926c24b8f6a1664b70"},"environment":"GEN_2","url":"https://us-central1-ridermind-f546f.cloudfunctions.net/api","createTime":"2026-06-11T19:02:53.278614909Z","satisfiesPzi":true}}
[debug] [2026-06-14T02:32:13.029Z] Got source token Cldwcm9qZWN0cy80MjI4NzkyODE0MDQvbG9jYXRpb25zL3VzLWNlbnRyYWwxL2J1aWxkcy8wYjUxY2FjNy01YzJmLTQzYmQtODE0ZC0xMDM2OTZjYzlhMjYSZnVzLWNlbnRyYWwxLWRvY2tlci5wa2cuZGV2L3JpZGVybWluZC1mNTQ2Zi9nY2YtYXJ0aWZhY3RzL3JpZGVybWluZC0tZjU0NmZfX3VzLS1jZW50cmFsMV9fYXBpOnZlcnNpb25fMRj8gcespwwiPHByb2plY3RzL3JpZGVybWluZC1mNTQ2Zi9sb2NhdGlvbnMvdXMtY2VudHJhbDEvZnVuY3Rpb25zL2FwaSoMCKCluNEGEMiTwvgCMghub2RlanMyMDp2CiNnY3IuaW8vZ2FlLXJ1bnRpbWVzL25vZGVqczIwOnN0YWJsZRJPdXMtY2VudHJhbDEtZG9ja2VyLnBrZy5kZXYvc2VydmVybGVzcy1ydW50aW1lcy9nb29nbGUtMjItZnVsbC9ydW50aW1lcy9ub2RlanMyMEAB for region us-central1
[info] +  functions[api(us-central1)] Successful update operation. 
[debug] [2026-06-14T02:32:13.031Z] Total Function Deployment time: 68947
[debug] [2026-06-14T02:32:13.031Z] 1 Functions Deployed
[debug] [2026-06-14T02:32:13.031Z] 0 Functions Errored
[debug] [2026-06-14T02:32:13.032Z] 0 Function Deployments Aborted
[debug] [2026-06-14T02:32:13.032Z] Average Function Deployment time: 68947
[info] Function URL (api(us-central1)): https://api-a2mulwfgra-uc.a.run.app
[debug] [2026-06-14T02:32:13.033Z] Checked if tokens are valid: true, expires at: 1781406997281
[debug] [2026-06-14T02:32:13.033Z] Checked if tokens are valid: true, expires at: 1781406997281
[debug] [2026-06-14T02:32:13.033Z] >>> [apiv2][query] GET https://artifactregistry.googleapis.com/v1/projects/ridermind-f546f/locations/us-central1/repositories/gcf-artifacts [none]
[debug] [2026-06-14T02:32:14.375Z] <<< [apiv2][status] GET https://artifactregistry.googleapis.com/v1/projects/ridermind-f546f/locations/us-central1/repositories/gcf-artifacts 200
[debug] [2026-06-14T02:32:22.526Z] ----------------------------------------------------------------------
[debug] [2026-06-14T02:32:22.529Z] Command:       C:\Program Files\nodejs\node.exe C:\Users\sean\AppData\Roaming\npm\node_modules\firebase-tools\lib\bin\firebase.js deploy --only hosting --project ridermind-f546f
[debug] [2026-06-14T02:32:22.529Z] CLI Version:   15.19.1
[debug] [2026-06-14T02:32:22.529Z] Platform:      win32
[debug] [2026-06-14T02:32:22.529Z] Node Version:  v24.13.0
[debug] [2026-06-14T02:32:22.529Z] Time:          Sun Jun 14 2026 10:32:22 GMT+0800 (Philippine Standard Time)
[debug] [2026-06-14T02:32:22.529Z] ----------------------------------------------------------------------
[debug] 
[debug] [2026-06-14T02:32:23.953Z] > command requires scopes: ["email","openid","https://www.googleapis.com/auth/cloudplatformprojects.readonly","https://www.googleapis.com/auth/firebase","https://www.googleapis.com/auth/cloud-platform"]
[debug] [2026-06-14T02:32:23.953Z] > authorizing via signed-in user (kcseancalinao@gmail.com)
[debug] [2026-06-14T02:32:23.953Z] [iam] checking project ridermind-f546f for permissions ["firebase.projects.get","firebasehosting.sites.update"]
[debug] [2026-06-14T02:32:23.955Z] Checked if tokens are valid: true, expires at: 1781406997281
[debug] [2026-06-14T02:32:23.955Z] Checked if tokens are valid: true, expires at: 1781406997281
[debug] [2026-06-14T02:32:23.956Z] >>> [apiv2][query] POST https://cloudresourcemanager.googleapis.com/v1/projects/ridermind-f546f:testIamPermissions [none]
[debug] [2026-06-14T02:32:23.956Z] >>> [apiv2][(partial)header] POST https://cloudresourcemanager.googleapis.com/v1/projects/ridermind-f546f:testIamPermissions  x-goog-user-project=ridermind-f546f
[debug] [2026-06-14T02:32:23.956Z] >>> [apiv2][body] POST https://cloudresourcemanager.googleapis.com/v1/projects/ridermind-f546f:testIamPermissions {"permissions":["firebase.projects.get","firebasehosting.sites.update"]}
[debug] [2026-06-14T02:32:24.931Z] <<< [apiv2][status] POST https://cloudresourcemanager.googleapis.com/v1/projects/ridermind-f546f:testIamPermissions 200
[debug] [2026-06-14T02:32:24.931Z] <<< [apiv2][body] POST https://cloudresourcemanager.googleapis.com/v1/projects/ridermind-f546f:testIamPermissions {"permissions":["firebase.projects.get","firebasehosting.sites.update"]}
[debug] [2026-06-14T02:32:24.932Z] Checked if tokens are valid: true, expires at: 1781406997281
[debug] [2026-06-14T02:32:24.932Z] Checked if tokens are valid: true, expires at: 1781406997281
[debug] [2026-06-14T02:32:24.932Z] >>> [apiv2][query] GET https://firebase.googleapis.com/v1beta1/projects/ridermind-f546f [none]
[debug] [2026-06-14T02:32:25.365Z] <<< [apiv2][status] GET https://firebase.googleapis.com/v1beta1/projects/ridermind-f546f 200
[debug] [2026-06-14T02:32:25.365Z] <<< [apiv2][body] GET https://firebase.googleapis.com/v1beta1/projects/ridermind-f546f {"projectId":"ridermind-f546f","projectNumber":"422879281404","displayName":"RiderMind","name":"projects/ridermind-f546f","resources":{"hostingSite":"ridermind-f546f"},"state":"ACTIVE","etag":"1_cbca0ec3-7523-429e-9f74-cbf3c9a9bae7"}
[info] 
[info] === Deploying to 'ridermind-f546f'...
[info] 
[info] i  deploying hosting 
[debug] [2026-06-14T02:32:25.367Z] Checked if tokens are valid: true, expires at: 1781406997281
[debug] [2026-06-14T02:32:25.367Z] Checked if tokens are valid: true, expires at: 1781406997281
[debug] [2026-06-14T02:32:25.367Z] >>> [apiv2][query] GET https://firebasehosting.googleapis.com/v1beta1/projects/ridermind-f546f/sites/ridermind-f546f [none]
[debug] [2026-06-14T02:32:26.385Z] <<< [apiv2][status] GET https://firebasehosting.googleapis.com/v1beta1/projects/ridermind-f546f/sites/ridermind-f546f 200
[debug] [2026-06-14T02:32:26.385Z] <<< [apiv2][body] GET https://firebasehosting.googleapis.com/v1beta1/projects/ridermind-f546f/sites/ridermind-f546f {"name":"projects/ridermind-f546f/sites/ridermind-f546f","defaultUrl":"https://ridermind-f546f.web.app","type":"DEFAULT_SITE"}
[debug] [2026-06-14T02:32:26.386Z] Checked if tokens are valid: true, expires at: 1781406997281
[debug] [2026-06-14T02:32:26.386Z] Checked if tokens are valid: true, expires at: 1781406997281
[debug] [2026-06-14T02:32:26.386Z] >>> [apiv2][query] POST https://firebasehosting.googleapis.com/v1beta1/projects/-/sites/ridermind-f546f/versions [none]
[debug] [2026-06-14T02:32:26.386Z] >>> [apiv2][body] POST https://firebasehosting.googleapis.com/v1beta1/projects/-/sites/ridermind-f546f/versions {"status":"CREATED","labels":{"deployment-tool":"cli-firebase"}}
[debug] [2026-06-14T02:32:27.439Z] <<< [apiv2][status] POST https://firebasehosting.googleapis.com/v1beta1/projects/-/sites/ridermind-f546f/versions 200
[debug] [2026-06-14T02:32:27.439Z] <<< [apiv2][body] POST https://firebasehosting.googleapis.com/v1beta1/projects/-/sites/ridermind-f546f/versions {"name":"projects/422879281404/sites/ridermind-f546f/versions/b030bccb523d9aa1","status":"CREATED","config":{},"labels":{"deployment-tool":"cli-firebase"}}
[info] i  hosting[ridermind-f546f]: beginning deploy... 
[info] i  hosting[ridermind-f546f]: found 17 files in public/build 
[debug] [2026-06-14T02:32:27.450Z] [hosting] uploading with 200 concurrency
[debug] [2026-06-14T02:32:27.454Z] Checked if tokens are valid: true, expires at: 1781406997281
[debug] [2026-06-14T02:32:27.454Z] Checked if tokens are valid: true, expires at: 1781406997281
[debug] [2026-06-14T02:32:27.455Z] [hosting] hash cache [cHVibGljXGJ1aWxk] stored for 17 files
[debug] [2026-06-14T02:32:27.456Z] [hosting][hash queue][FINAL] {"max":3,"min":0,"avg":0,"active":0,"complete":17,"success":17,"errored":0,"retried":0,"total":17,"elapsed":5}
[debug] [2026-06-14T02:32:27.456Z] >>> [apiv2][query] POST https://firebasehosting.googleapis.com/v1beta1/projects/422879281404/sites/ridermind-f546f/versions/b030bccb523d9aa1:populateFiles [none]
[debug] [2026-06-14T02:32:27.456Z] >>> [apiv2][body] POST https://firebasehosting.googleapis.com/v1beta1/projects/422879281404/sites/ridermind-f546f/versions/b030bccb523d9aa1:populateFiles {"files":{"/logo.png":"fd7e84f4ecb045b875030d58c46486b5e052c3cd3c344dc335974d259372ea3f","/index.html":"ae6a3c3d16830bda6fe26c2befa911feae09c35595168151c7eff9689faf6647","/assets/vendor-B2Mm245i.js":"e6dd7c79425368b1606cc313b219a50d9148cb7d3ea31c0d3ce2076083e96f23","/assets/purify.es-zuchd6YL.js":"f877374d6d4e16584444deeff196031ac877bf5f0b8c63f566885023d8c4c152","/assets/print-B7-88DAI.js":"22bd7d1e0b777d5358472753129fd80a281fa2e2e7ed94257237d4d9e4f442b9","/assets/motion-CVitkb9Y.js":"c81a5000eb6c6a812e209c0fd9e65f7bea7d2f4ddb9f50d7e1d323ce45ce572b","/assets/loginPhoto-D08Zsoq_.jpg":"33b5ffeaace0b6233fead0cab207a6cb8567f6c9754ccdb88e8e0df59e566617","/assets/index.es-BwmyEIun.js":"8a64da14ce8334b3ed560786c4d2361ef2acef198a21c3bfe72efd6de35a2620","/assets/index-_woZEbvh.js":"469e11d706a7dd0dcbe5d8d2ab268cc4ae2d355b286b9d2406ccfb1690d7c6b0","/assets/index-CAex_VRF.js":"f6d5acabb69dfd11283e9e1a716d310af6c510990dc6e21db296ec8f6ceadf65","/assets/index-C2IJalGb.css":"0cf7d40c89da9a15482453f28768b701855f50f2d56f470d10eeb96de4acf3f1","/assets/index-Bg6SVkHl.js":"59fb8112b4a81859419e25b194d50bf0567ff92f5e5f435ad967087a0cbc5071","/assets/icons-DV-eEB8H.js":"b6214fb78c5c77ff156e1cc62e6315f2d3cad345c7bb94fca30199acb20b58e6","/assets/html2canvas.esm-BPY6V10C.js":"202e6762795aad4319da25d9eb1d54a19be3d96eb7840fa11203303458b3b641","/assets/CongratulationsModal-BELwNv98.js":"fe4d8dbd4689b15a260f645ac90541771a69744ee52514ce07d7757e10a34462","/assets/ConfirmationModal-BLwRIND-.js":"45f3f34bec2cbb468c40d0b86ff369ea170b751a28810e32a3bda15b76c68019","/assets/CompletionModal-B8J_IY54.js":"fc8ef24239c95f703f989e0cc78bef8b2b2ac314deb0a6469e445b2e5d4ad29f"}}
[debug] [2026-06-14T02:32:28.583Z] <<< [apiv2][status] POST https://firebasehosting.googleapis.com/v1beta1/projects/422879281404/sites/ridermind-f546f/versions/b030bccb523d9aa1:populateFiles 200
[debug] [2026-06-14T02:32:28.583Z] <<< [apiv2][body] POST https://firebasehosting.googleapis.com/v1beta1/projects/422879281404/sites/ridermind-f546f/versions/b030bccb523d9aa1:populateFiles {"uploadUrl":"https://upload-firebasehosting.googleapis.com/upload/sites/ridermind-f546f/versions/b030bccb523d9aa1/files"}
[debug] [2026-06-14T02:32:28.583Z] [hosting][populate queue][FINAL] {"max":1129,"min":1129,"avg":1129,"active":0,"complete":1,"success":1,"errored":0,"retried":0,"total":1,"elapsed":1129}
[debug] [2026-06-14T02:32:28.584Z] [hosting] uploads queued: 0
[debug] [2026-06-14T02:32:28.584Z] [hosting][upload queue][FINAL] {"max":0,"min":9999999999,"avg":0,"active":0,"complete":0,"success":0,"errored":0,"retried":0,"total":0,"elapsed":1781404348584}
[info] i  hosting: upload complete 
[info] +  hosting[ridermind-f546f]: file upload complete 
[debug] [2026-06-14T02:32:28.584Z] [hosting] deploy completed after 1142ms
[debug] [2026-06-14T02:32:28.584Z] [
  {
    "config": {
      "public": "public/build",
      "ignore": [
        "firebase.json",
        "**/.*",
        "**/node_modules/**"
      ],
      "rewrites": [
        {
          "source": "/api/**",
          "function": {
            "functionId": "api"
          }
        },
        {
          "source": "**",
          "destination": "/index.html"
        }
      ],
      "site": "ridermind-f546f"
    },
    "version": "projects/422879281404/sites/ridermind-f546f/versions/b030bccb523d9aa1"
  }
]
[info] i  hosting[ridermind-f546f]: finalizing version... 
[debug] [2026-06-14T02:32:28.585Z] Checked if tokens are valid: true, expires at: 1781406997281
[debug] [2026-06-14T02:32:28.586Z] Checked if tokens are valid: true, expires at: 1781406997281
[debug] [2026-06-14T02:32:28.586Z] >>> [apiv2][query] GET https://cloudfunctions.googleapis.com/v1/projects/ridermind-f546f/locations/-/functions [none]
[debug] [2026-06-14T02:32:29.377Z] <<< [apiv2][status] GET https://cloudfunctions.googleapis.com/v1/projects/ridermind-f546f/locations/-/functions 200
[debug] [2026-06-14T02:32:29.377Z] <<< [apiv2][body] GET https://cloudfunctions.googleapis.com/v1/projects/ridermind-f546f/locations/-/functions {}
[debug] [2026-06-14T02:32:29.378Z] Checked if tokens are valid: true, expires at: 1781406997281
[debug] [2026-06-14T02:32:29.378Z] Checked if tokens are valid: true, expires at: 1781406997281
[debug] [2026-06-14T02:32:29.378Z] >>> [apiv2][query] GET https://cloudfunctions.googleapis.com/v2/projects/ridermind-f546f/locations/-/functions filter=environment%3D%22GEN_2%22
[debug] [2026-06-14T02:32:30.712Z] <<< [apiv2][status] GET https://cloudfunctions.googleapis.com/v2/projects/ridermind-f546f/locations/-/functions 200
[debug] [2026-06-14T02:32:30.712Z] <<< [apiv2][body] GET https://cloudfunctions.googleapis.com/v2/projects/ridermind-f546f/locations/-/functions {"functions":[{"name":"projects/ridermind-f546f/locations/us-central1/functions/api","buildConfig":{"build":"projects/422879281404/locations/us-central1/builds/0b51cac7-5c2f-43bd-814d-103696cc9a26","runtime":"nodejs20","entryPoint":"api","source":{"storageSource":{"bucket":"gcf-v2-sources-422879281404-us-central1","object":"api/function-source.zip","generation":"1781404268666112"}},"environmentVariables":{"GOOGLE_NODE_RUN_SCRIPTS":""},"dockerRepository":"projects/ridermind-f546f/locations/us-central1/repositories/gcf-artifacts","sourceProvenance":{"resolvedStorageSource":{"bucket":"gcf-v2-sources-422879281404-us-central1","object":"api/function-source.zip","generation":"1781404268666112"}},"dockerRegistry":"ARTIFACT_REGISTRY","serviceAccount":"projects/ridermind-f546f/serviceAccounts/422879281404-compute@developer.gserviceaccount.com","automaticUpdatePolicy":{}},"serviceConfig":{"service":"projects/ridermind-f546f/locations/us-central1/services/api","timeoutSeconds":60,"environmentVariables":{"FIREBASE_CONFIG":"{\"projectId\":\"ridermind-f546f\",\"storageBucket\":\"ridermind-f546f.firebasestorage.app\"}","GCLOUD_PROJECT":"ridermind-f546f","EVENTARC_CLOUD_EVENT_SOURCE":"projects/ridermind-f546f/locations/us-central1/services/api","FUNCTION_TARGET":"api","LOG_EXECUTION_ID":"true"},"maxInstanceCount":10,"ingressSettings":"ALLOW_ALL","uri":"https://api-a2mulwfgra-uc.a.run.app","serviceAccountEmail":"422879281404-compute@developer.gserviceaccount.com","availableMemory":"512Mi","allTrafficOnLatestRevision":true,"revision":"api-00001-rab","maxInstanceRequestConcurrency":80,"availableCpu":"1"},"state":"ACTIVE","updateTime":"2026-06-14T02:32:12.492465755Z","labels":{"deployment-tool":"cli-firebase","firebase-functions-hash":"9f59e0c7b7951bf31f8f92926c24b8f6a1664b70"},"environment":"GEN_2","url":"https://us-central1-ridermind-f546f.cloudfunctions.net/api","createTime":"2026-06-11T19:02:53.278614909Z","satisfiesPzi":true}]}
[debug] [2026-06-14T02:32:30.714Z] Checked if tokens are valid: true, expires at: 1781406997281
[debug] [2026-06-14T02:32:30.714Z] Checked if tokens are valid: true, expires at: 1781406997281
[debug] [2026-06-14T02:32:30.714Z] >>> [apiv2][query] PATCH https://firebasehosting.googleapis.com/v1beta1/projects/-/sites/ridermind-f546f/versions/b030bccb523d9aa1 updateMask=status%2Cconfig
[debug] [2026-06-14T02:32:30.714Z] >>> [apiv2][body] PATCH https://firebasehosting.googleapis.com/v1beta1/projects/-/sites/ridermind-f546f/versions/b030bccb523d9aa1 {"status":"FINALIZED","config":{"rewrites":[{"glob":"/api/**","run":{"serviceId":"api","region":"us-central1"}},{"glob":"**","path":"/index.html"}]}}
[debug] [2026-06-14T02:32:31.578Z] <<< [apiv2][status] PATCH https://firebasehosting.googleapis.com/v1beta1/projects/-/sites/ridermind-f546f/versions/b030bccb523d9aa1 200
[debug] [2026-06-14T02:32:31.578Z] <<< [apiv2][body] PATCH https://firebasehosting.googleapis.com/v1beta1/projects/-/sites/ridermind-f546f/versions/b030bccb523d9aa1 {"name":"projects/422879281404/sites/ridermind-f546f/versions/b030bccb523d9aa1","status":"FINALIZED","config":{"rewrites":[{"glob":"/api/**","run":{"serviceId":"api","region":"us-central1"}},{"glob":"**","path":"/index.html"}]},"labels":{"deployment-tool":"cli-firebase"},"createTime":"2026-06-14T02:32:30.033428Z","createUser":{"email":"kcseancalinao@gmail.com"},"finalizeTime":"2026-06-14T02:32:34.636690Z","finalizeUser":{"email":"kcseancalinao@gmail.com"}}
[debug] [2026-06-14T02:32:31.578Z] [hosting] finalized version for ridermind-f546f:[object Object]
[info] +  hosting[ridermind-f546f]: version finalized 
[info] i  hosting[ridermind-f546f]: releasing new version... 
[debug] [2026-06-14T02:32:31.579Z] Checked if tokens are valid: true, expires at: 1781406997281
[debug] [2026-06-14T02:32:31.579Z] Checked if tokens are valid: true, expires at: 1781406997281
[debug] [2026-06-14T02:32:31.579Z] >>> [apiv2][query] POST https://firebasehosting.googleapis.com/v1beta1/projects/-/sites/ridermind-f546f/channels/live/releases versionName=projects%2F422879281404%2Fsites%2Fridermind-f546f%2Fversions%2Fb030bccb523d9aa1
[debug] [2026-06-14T02:32:31.579Z] >>> [apiv2][body] POST https://firebasehosting.googleapis.com/v1beta1/projects/-/sites/ridermind-f546f/channels/live/releases {}
[debug] [2026-06-14T02:32:32.342Z] <<< [apiv2][status] POST https://firebasehosting.googleapis.com/v1beta1/projects/-/sites/ridermind-f546f/channels/live/releases 200
[debug] [2026-06-14T02:32:47.177Z] ----------------------------------------------------------------------
[debug] [2026-06-14T02:32:47.179Z] Command:       C:\Program Files\nodejs\node.exe C:\Users\sean\AppData\Roaming\npm\node_modules\firebase-tools\lib\bin\firebase.js functions:list --project ridermind-f546f
[debug] [2026-06-14T02:32:47.180Z] CLI Version:   15.19.1
[debug] [2026-06-14T02:32:47.180Z] Platform:      win32
[debug] [2026-06-14T02:32:47.180Z] Node Version:  v24.13.0
[debug] [2026-06-14T02:32:47.180Z] Time:          Sun Jun 14 2026 10:32:47 GMT+0800 (Philippine Standard Time)
[debug] [2026-06-14T02:32:47.180Z] ----------------------------------------------------------------------
[debug] 
[debug] [2026-06-14T02:32:47.322Z] > command requires scopes: ["email","openid","https://www.googleapis.com/auth/cloudplatformprojects.readonly","https://www.googleapis.com/auth/firebase","https://www.googleapis.com/auth/cloud-platform"]
[debug] [2026-06-14T02:32:47.323Z] > authorizing via signed-in user (kcseancalinao@gmail.com)
[debug] [2026-06-14T02:32:47.323Z] [iam] checking project ridermind-f546f for permissions ["cloudfunctions.functions.list","firebase.projects.get","run.services.list"]
[debug] [2026-06-14T02:32:47.324Z] Checked if tokens are valid: true, expires at: 1781406997281
[debug] [2026-06-14T02:32:47.325Z] Checked if tokens are valid: true, expires at: 1781406997281
[debug] [2026-06-14T02:32:47.325Z] >>> [apiv2][query] POST https://cloudresourcemanager.googleapis.com/v1/projects/ridermind-f546f:testIamPermissions [none]
[debug] [2026-06-14T02:32:47.326Z] >>> [apiv2][(partial)header] POST https://cloudresourcemanager.googleapis.com/v1/projects/ridermind-f546f:testIamPermissions  x-goog-user-project=ridermind-f546f
[debug] [2026-06-14T02:32:47.326Z] >>> [apiv2][body] POST https://cloudresourcemanager.googleapis.com/v1/projects/ridermind-f546f:testIamPermissions {"permissions":["cloudfunctions.functions.list","firebase.projects.get","run.services.list"]}
[debug] [2026-06-14T02:32:48.353Z] <<< [apiv2][status] POST https://cloudresourcemanager.googleapis.com/v1/projects/ridermind-f546f:testIamPermissions 200
[debug] [2026-06-14T02:32:48.354Z] <<< [apiv2][body] POST https://cloudresourcemanager.googleapis.com/v1/projects/ridermind-f546f:testIamPermissions {"permissions":["cloudfunctions.functions.list","firebase.projects.get","run.services.list"]}
[debug] [2026-06-14T02:32:48.354Z] Checked if tokens are valid: true, expires at: 1781406997281
[debug] [2026-06-14T02:32:48.354Z] Checked if tokens are valid: true, expires at: 1781406997281
[debug] [2026-06-14T02:32:48.354Z] >>> [apiv2][query] GET https://cloudfunctions.googleapis.com/v1/projects/ridermind-f546f/locations/-/functions [none]
[debug] [2026-06-14T02:32:49.147Z] <<< [apiv2][status] GET https://cloudfunctions.googleapis.com/v1/projects/ridermind-f546f/locations/-/functions 200
[debug] [2026-06-14T02:32:49.147Z] <<< [apiv2][body] GET https://cloudfunctions.googleapis.com/v1/projects/ridermind-f546f/locations/-/functions {}
[debug] [2026-06-14T02:32:49.147Z] Checked if tokens are valid: true, expires at: 1781406997281
[debug] [2026-06-14T02:32:49.147Z] Checked if tokens are valid: true, expires at: 1781406997281
[debug] [2026-06-14T02:32:49.148Z] >>> [apiv2][query] GET https://cloudfunctions.googleapis.com/v2/projects/ridermind-f546f/locations/-/functions filter=environment%3D%22GEN_2%22
[debug] [2026-06-14T02:32:50.526Z] <<< [apiv2][status] GET https://cloudfunctions.googleapis.com/v2/projects/ridermind-f546f/locations/-/functions 200
[debug] [2026-06-14T02:47:46.723Z] ----------------------------------------------------------------------
[debug] [2026-06-14T02:47:46.725Z] Command:       C:\Program Files\nodejs\node.exe C:\Users\sean\AppData\Local\npm-cache\_npx\ba4f1959e38407b5\node_modules\firebase-tools\lib\bin\firebase.js firestore:databases:list
[debug] [2026-06-14T02:47:46.725Z] CLI Version:   15.20.0
[debug] [2026-06-14T02:47:46.725Z] Platform:      win32
[debug] [2026-06-14T02:47:46.725Z] Node Version:  v24.13.0
[debug] [2026-06-14T02:47:46.725Z] Time:          Sun Jun 14 2026 10:47:46 GMT+0800 (Philippine Standard Time)
[debug] [2026-06-14T02:47:46.725Z] ----------------------------------------------------------------------
[debug] 
[debug] [2026-06-14T02:47:52.466Z] > command requires scopes: ["email","openid","https://www.googleapis.com/auth/cloudplatformprojects.readonly","https://www.googleapis.com/auth/firebase","https://www.googleapis.com/auth/cloud-platform"]
[debug] [2026-06-14T02:47:52.466Z] > authorizing via signed-in user (kcseancalinao@gmail.com)
[debug] [2026-06-14T02:47:52.467Z] [iam] checking project ridermind-f546f for permissions ["datastore.databases.list","firebase.projects.get"]
[debug] [2026-06-14T02:47:52.468Z] Checked if tokens are valid: true, expires at: 1781406997281
[debug] [2026-06-14T02:47:52.468Z] Checked if tokens are valid: true, expires at: 1781406997281
[debug] [2026-06-14T02:47:52.469Z] >>> [apiv2][query] POST https://cloudresourcemanager.googleapis.com/v1/projects/ridermind-f546f:testIamPermissions [none]
[debug] [2026-06-14T02:47:52.469Z] >>> [apiv2][(partial)header] POST https://cloudresourcemanager.googleapis.com/v1/projects/ridermind-f546f:testIamPermissions  x-goog-user-project=ridermind-f546f
[debug] [2026-06-14T02:47:52.469Z] >>> [apiv2][body] POST https://cloudresourcemanager.googleapis.com/v1/projects/ridermind-f546f:testIamPermissions {"permissions":["datastore.databases.list","firebase.projects.get"]}
[debug] [2026-06-14T02:47:52.776Z] *** [apiv2] error from fetch(https://cloudresourcemanager.googleapis.com/v1/projects/ridermind-f546f:testIamPermissions, {"headers":{},"method":"POST","body":"{\"permissions\":[\"datastore.databases.list\",\"firebase.projects.get\"]}"}): FetchError: request to https://cloudresourcemanager.googleapis.com/v1/projects/ridermind-f546f:testIamPermissions failed, reason: unable to verify the first certificate; if the root CA is installed locally, try running Node.js with --use-system-ca
[debug] [2026-06-14T02:47:52.776Z] [iam] error while checking permissions, command may fail: Failed to make request to https://cloudresourcemanager.googleapis.com/v1/projects/ridermind-f546f:testIamPermissions
[debug] [2026-06-14T02:47:52.776Z] Checked if tokens are valid: true, expires at: 1781406997281
[debug] [2026-06-14T02:47:52.777Z] Checked if tokens are valid: true, expires at: 1781406997281
[debug] [2026-06-14T02:47:52.777Z] >>> [apiv2][query] GET https://firestore.googleapis.com/v1/projects/ridermind-f546f/databases [none]
[debug] [2026-06-14T02:47:53.537Z] *** [apiv2] error from fetch(https://firestore.googleapis.com/v1/projects/ridermind-f546f/databases, {"headers":{},"method":"GET"}): FetchError: request to https://firestore.googleapis.com/v1/projects/ridermind-f546f/databases failed, reason: unable to verify the first certificate; if the root CA is installed locally, try running Node.js with --use-system-ca
[debug] [2026-06-14T02:47:53.539Z] FetchError: request to https://firestore.googleapis.com/v1/projects/ridermind-f546f/databases failed, reason: unable to verify the first certificate; if the root CA is installed locally, try running Node.js with --use-system-ca
    at ClientRequest.<anonymous> (C:\Users\sean\AppData\Local\npm-cache\_npx\ba4f1959e38407b5\node_modules\node-fetch\lib\index.js:1501:11)
    at ClientRequest.emit (node:events:508:28)
    at emitErrorEvent (node:_http_client:108:11)
    at TLSSocket.socketErrorListener (node:_http_client:575:5)
    at TLSSocket.emit (node:events:508:28)
    at emitErrorNT (node:internal/streams/destroy:170:8)
    at emitErrorCloseNT (node:internal/streams/destroy:129:3)
    at process.processTicksAndRejections (node:internal/process/task_queues:89:21)
[error] 
[error] Error: Failed to make request to https://firestore.googleapis.com/v1/projects/ridermind-f546f/databases
[debug] [2026-06-14T02:48:10.508Z] ----------------------------------------------------------------------
[debug] [2026-06-14T02:48:10.510Z] Command:       C:\Program Files\nodejs\node.exe C:\Users\sean\AppData\Local\npm-cache\_npx\ba4f1959e38407b5\node_modules\firebase-tools\lib\bin\firebase.js firestore:databases:list
[debug] [2026-06-14T02:48:10.510Z] CLI Version:   15.20.0
[debug] [2026-06-14T02:48:10.510Z] Platform:      win32
[debug] [2026-06-14T02:48:10.510Z] Node Version:  v24.13.0
[debug] [2026-06-14T02:48:10.510Z] Time:          Sun Jun 14 2026 10:48:10 GMT+0800 (Philippine Standard Time)
[debug] [2026-06-14T02:48:10.510Z] ----------------------------------------------------------------------
[debug] 
[debug] [2026-06-14T02:48:11.915Z] > command requires scopes: ["email","openid","https://www.googleapis.com/auth/cloudplatformprojects.readonly","https://www.googleapis.com/auth/firebase","https://www.googleapis.com/auth/cloud-platform"]
[debug] [2026-06-14T02:48:11.915Z] > authorizing via signed-in user (kcseancalinao@gmail.com)
[debug] [2026-06-14T02:48:11.915Z] [iam] checking project ridermind-f546f for permissions ["datastore.databases.list","firebase.projects.get"]
[debug] [2026-06-14T02:48:11.916Z] Checked if tokens are valid: true, expires at: 1781406997281
[debug] [2026-06-14T02:48:11.916Z] Checked if tokens are valid: true, expires at: 1781406997281
[debug] [2026-06-14T02:48:11.917Z] >>> [apiv2][query] POST https://cloudresourcemanager.googleapis.com/v1/projects/ridermind-f546f:testIamPermissions [none]
[debug] [2026-06-14T02:48:11.917Z] >>> [apiv2][(partial)header] POST https://cloudresourcemanager.googleapis.com/v1/projects/ridermind-f546f:testIamPermissions  x-goog-user-project=ridermind-f546f
[debug] [2026-06-14T02:48:11.917Z] >>> [apiv2][body] POST https://cloudresourcemanager.googleapis.com/v1/projects/ridermind-f546f:testIamPermissions {"permissions":["datastore.databases.list","firebase.projects.get"]}
[debug] [2026-06-14T02:48:13.194Z] <<< [apiv2][status] POST https://cloudresourcemanager.googleapis.com/v1/projects/ridermind-f546f:testIamPermissions 200
[debug] [2026-06-14T02:48:13.195Z] <<< [apiv2][body] POST https://cloudresourcemanager.googleapis.com/v1/projects/ridermind-f546f:testIamPermissions {"permissions":["datastore.databases.list","firebase.projects.get"]}
[debug] [2026-06-14T02:48:13.195Z] Checked if tokens are valid: true, expires at: 1781406997281
[debug] [2026-06-14T02:48:13.195Z] Checked if tokens are valid: true, expires at: 1781406997281
[debug] [2026-06-14T02:48:13.195Z] >>> [apiv2][query] GET https://firestore.googleapis.com/v1/projects/ridermind-f546f/databases [none]
[debug] [2026-06-14T02:48:13.995Z] <<< [apiv2][status] GET https://firestore.googleapis.com/v1/projects/ridermind-f546f/databases 200
[debug] [2026-06-14T02:59:38.984Z] ----------------------------------------------------------------------
[debug] [2026-06-14T02:59:38.986Z] Command:       C:\Program Files\nodejs\node.exe C:\Users\sean\AppData\Local\npm-cache\_npx\ba4f1959e38407b5\node_modules\firebase-tools\lib\bin\firebase.js firestore:databases:list
[debug] [2026-06-14T02:59:38.986Z] CLI Version:   15.20.0
[debug] [2026-06-14T02:59:38.986Z] Platform:      win32
[debug] [2026-06-14T02:59:38.986Z] Node Version:  v24.13.0
[debug] [2026-06-14T02:59:38.986Z] Time:          Sun Jun 14 2026 10:59:38 GMT+0800 (Philippine Standard Time)
[debug] [2026-06-14T02:59:38.987Z] ----------------------------------------------------------------------
[debug] 
[debug] [2026-06-14T02:59:41.205Z] > command requires scopes: ["email","openid","https://www.googleapis.com/auth/cloudplatformprojects.readonly","https://www.googleapis.com/auth/firebase","https://www.googleapis.com/auth/cloud-platform"]
[debug] [2026-06-14T02:59:41.206Z] > authorizing via signed-in user (kcseancalinao@gmail.com)
[debug] [2026-06-14T02:59:41.206Z] [iam] checking project ridermind-f546f for permissions ["datastore.databases.list","firebase.projects.get"]
[debug] [2026-06-14T02:59:41.207Z] Checked if tokens are valid: true, expires at: 1781406997281
[debug] [2026-06-14T02:59:41.208Z] Checked if tokens are valid: true, expires at: 1781406997281
[debug] [2026-06-14T02:59:41.209Z] >>> [apiv2][query] POST https://cloudresourcemanager.googleapis.com/v1/projects/ridermind-f546f:testIamPermissions [none]
[debug] [2026-06-14T02:59:41.209Z] >>> [apiv2][(partial)header] POST https://cloudresourcemanager.googleapis.com/v1/projects/ridermind-f546f:testIamPermissions  x-goog-user-project=ridermind-f546f
[debug] [2026-06-14T02:59:41.209Z] >>> [apiv2][body] POST https://cloudresourcemanager.googleapis.com/v1/projects/ridermind-f546f:testIamPermissions {"permissions":["datastore.databases.list","firebase.projects.get"]}
[debug] [2026-06-14T02:59:42.794Z] <<< [apiv2][status] POST https://cloudresourcemanager.googleapis.com/v1/projects/ridermind-f546f:testIamPermissions 200
[debug] [2026-06-14T02:59:42.794Z] <<< [apiv2][body] POST https://cloudresourcemanager.googleapis.com/v1/projects/ridermind-f546f:testIamPermissions {"permissions":["datastore.databases.list","firebase.projects.get"]}
[debug] [2026-06-14T02:59:42.795Z] Checked if tokens are valid: true, expires at: 1781406997281
[debug] [2026-06-14T02:59:42.795Z] Checked if tokens are valid: true, expires at: 1781406997281
[debug] [2026-06-14T02:59:42.795Z] >>> [apiv2][query] GET https://firestore.googleapis.com/v1/projects/ridermind-f546f/databases [none]
[debug] [2026-06-14T02:59:44.302Z] <<< [apiv2][status] GET https://firestore.googleapis.com/v1/projects/ridermind-f546f/databases 200
[debug] [2026-06-14T03:52:05.795Z] ----------------------------------------------------------------------
[debug] [2026-06-14T03:52:05.796Z] Command:       C:\Program Files\nodejs\node.exe C:\Users\sean\AppData\Local\npm-cache\_npx\ba4f1959e38407b5\node_modules\firebase-tools\lib\bin\firebase.js firestore:databases:list
[debug] [2026-06-14T03:52:05.797Z] CLI Version:   15.20.0
[debug] [2026-06-14T03:52:05.797Z] Platform:      win32
[debug] [2026-06-14T03:52:05.797Z] Node Version:  v24.13.0
[debug] [2026-06-14T03:52:05.797Z] Time:          Sun Jun 14 2026 11:52:05 GMT+0800 (Philippine Standard Time)
[debug] [2026-06-14T03:52:05.797Z] ----------------------------------------------------------------------
[debug] 
[debug] [2026-06-14T03:52:07.602Z] > command requires scopes: ["email","openid","https://www.googleapis.com/auth/cloudplatformprojects.readonly","https://www.googleapis.com/auth/firebase","https://www.googleapis.com/auth/cloud-platform"]
[debug] [2026-06-14T03:52:07.602Z] > authorizing via signed-in user (kcseancalinao@gmail.com)
[debug] [2026-06-14T03:52:07.603Z] [iam] checking project ridermind-f546f for permissions ["datastore.databases.list","firebase.projects.get"]
[debug] [2026-06-14T03:52:07.604Z] Checked if tokens are valid: false, expires at: 1781406997281
[debug] [2026-06-14T03:52:07.604Z] Checked if tokens are valid: false, expires at: 1781406997281
[debug] [2026-06-14T03:52:07.604Z] > refreshing access token with scopes: []
[debug] [2026-06-14T03:52:07.606Z] >>> [apiv2][query] POST https://www.googleapis.com/oauth2/v3/token [none]
[debug] [2026-06-14T03:52:07.606Z] >>> [apiv2][body] POST https://www.googleapis.com/oauth2/v3/token [omitted]
[debug] [2026-06-14T03:52:08.002Z] <<< [apiv2][status] POST https://www.googleapis.com/oauth2/v3/token 200
[debug] [2026-06-14T03:52:08.002Z] <<< [apiv2][body] POST https://www.googleapis.com/oauth2/v3/token [omitted]
[debug] [2026-06-14T03:52:08.009Z] >>> [apiv2][query] POST https://cloudresourcemanager.googleapis.com/v1/projects/ridermind-f546f:testIamPermissions [none]
[debug] [2026-06-14T03:52:08.009Z] >>> [apiv2][(partial)header] POST https://cloudresourcemanager.googleapis.com/v1/projects/ridermind-f546f:testIamPermissions  x-goog-user-project=ridermind-f546f
[debug] [2026-06-14T03:52:08.009Z] >>> [apiv2][body] POST https://cloudresourcemanager.googleapis.com/v1/projects/ridermind-f546f:testIamPermissions {"permissions":["datastore.databases.list","firebase.projects.get"]}
[debug] [2026-06-14T03:52:09.501Z] <<< [apiv2][status] POST https://cloudresourcemanager.googleapis.com/v1/projects/ridermind-f546f:testIamPermissions 200
[debug] [2026-06-14T03:52:09.501Z] <<< [apiv2][body] POST https://cloudresourcemanager.googleapis.com/v1/projects/ridermind-f546f:testIamPermissions {"permissions":["datastore.databases.list","firebase.projects.get"]}
[debug] [2026-06-14T03:52:09.502Z] Checked if tokens are valid: true, expires at: 1781412727002
[debug] [2026-06-14T03:52:09.502Z] Checked if tokens are valid: true, expires at: 1781412727002
[debug] [2026-06-14T03:52:09.503Z] >>> [apiv2][query] GET https://firestore.googleapis.com/v1/projects/ridermind-f546f/databases [none]
[debug] [2026-06-14T03:52:10.562Z] <<< [apiv2][status] GET https://firestore.googleapis.com/v1/projects/ridermind-f546f/databases 200
[debug] [2026-06-14T04:02:13.223Z] ----------------------------------------------------------------------
[debug] [2026-06-14T04:02:13.225Z] Command:       C:\Program Files\nodejs\node.exe C:\Users\sean\AppData\Local\npm-cache\_npx\ba4f1959e38407b5\node_modules\firebase-tools\lib\bin\firebase.js functions:list --project ridermind-f546f
[debug] [2026-06-14T04:02:13.225Z] CLI Version:   15.20.0
[debug] [2026-06-14T04:02:13.225Z] Platform:      win32
[debug] [2026-06-14T04:02:13.225Z] Node Version:  v24.13.0
[debug] [2026-06-14T04:02:13.225Z] Time:          Sun Jun 14 2026 12:02:13 GMT+0800 (Philippine Standard Time)
[debug] [2026-06-14T04:02:13.225Z] ----------------------------------------------------------------------
[debug] 
[debug] [2026-06-14T04:02:13.375Z] > command requires scopes: ["email","openid","https://www.googleapis.com/auth/cloudplatformprojects.readonly","https://www.googleapis.com/auth/firebase","https://www.googleapis.com/auth/cloud-platform"]
[debug] [2026-06-14T04:02:13.376Z] > authorizing via signed-in user (kcseancalinao@gmail.com)
[debug] [2026-06-14T04:02:13.376Z] [iam] checking project ridermind-f546f for permissions ["cloudfunctions.functions.list","firebase.projects.get","run.services.list"]
[debug] [2026-06-14T04:02:13.377Z] Checked if tokens are valid: true, expires at: 1781412727002
[debug] [2026-06-14T04:02:13.377Z] Checked if tokens are valid: true, expires at: 1781412727002
[debug] [2026-06-14T04:02:13.378Z] >>> [apiv2][query] POST https://cloudresourcemanager.googleapis.com/v1/projects/ridermind-f546f:testIamPermissions [none]
[debug] [2026-06-14T04:02:13.378Z] >>> [apiv2][(partial)header] POST https://cloudresourcemanager.googleapis.com/v1/projects/ridermind-f546f:testIamPermissions  x-goog-user-project=ridermind-f546f
[debug] [2026-06-14T04:02:13.378Z] >>> [apiv2][body] POST https://cloudresourcemanager.googleapis.com/v1/projects/ridermind-f546f:testIamPermissions {"permissions":["cloudfunctions.functions.list","firebase.projects.get","run.services.list"]}
[debug] [2026-06-14T04:02:14.337Z] <<< [apiv2][status] POST https://cloudresourcemanager.googleapis.com/v1/projects/ridermind-f546f:testIamPermissions 200
[debug] [2026-06-14T04:02:14.337Z] <<< [apiv2][body] POST https://cloudresourcemanager.googleapis.com/v1/projects/ridermind-f546f:testIamPermissions {"permissions":["cloudfunctions.functions.list","firebase.projects.get","run.services.list"]}
[debug] [2026-06-14T04:02:14.338Z] Checked if tokens are valid: true, expires at: 1781412727002
[debug] [2026-06-14T04:02:14.338Z] Checked if tokens are valid: true, expires at: 1781412727002
[debug] [2026-06-14T04:02:14.338Z] >>> [apiv2][query] GET https://cloudfunctions.googleapis.com/v1/projects/ridermind-f546f/locations/-/functions [none]
[debug] [2026-06-14T04:02:15.350Z] <<< [apiv2][status] GET https://cloudfunctions.googleapis.com/v1/projects/ridermind-f546f/locations/-/functions 200
[debug] [2026-06-14T04:02:15.350Z] <<< [apiv2][body] GET https://cloudfunctions.googleapis.com/v1/projects/ridermind-f546f/locations/-/functions {}
[debug] [2026-06-14T04:02:15.350Z] Checked if tokens are valid: true, expires at: 1781412727002
[debug] [2026-06-14T04:02:15.351Z] Checked if tokens are valid: true, expires at: 1781412727002
[debug] [2026-06-14T04:02:15.351Z] >>> [apiv2][query] GET https://cloudfunctions.googleapis.com/v2/projects/ridermind-f546f/locations/-/functions filter=environment%3D%22GEN_2%22
[debug] [2026-06-14T04:02:16.711Z] <<< [apiv2][status] GET https://cloudfunctions.googleapis.com/v2/projects/ridermind-f546f/locations/-/functions 200
[debug] [2026-06-14T04:03:10.646Z] ----------------------------------------------------------------------
[debug] [2026-06-14T04:03:10.648Z] Command:       C:\Program Files\nodejs\node.exe C:\Users\sean\AppData\Local\npm-cache\_npx\ba4f1959e38407b5\node_modules\firebase-tools\lib\bin\firebase.js functions:log --only api -n 5 --project ridermind-f546f
[debug] [2026-06-14T04:03:10.648Z] CLI Version:   15.20.0
[debug] [2026-06-14T04:03:10.648Z] Platform:      win32
[debug] [2026-06-14T04:03:10.648Z] Node Version:  v24.13.0
[debug] [2026-06-14T04:03:10.648Z] Time:          Sun Jun 14 2026 12:03:10 GMT+0800 (Philippine Standard Time)
[debug] [2026-06-14T04:03:10.648Z] ----------------------------------------------------------------------
[debug] 
[debug] [2026-06-14T04:03:10.776Z] > command requires scopes: ["email","openid","https://www.googleapis.com/auth/cloudplatformprojects.readonly","https://www.googleapis.com/auth/firebase","https://www.googleapis.com/auth/cloud-platform"]
[debug] [2026-06-14T04:03:10.777Z] > authorizing via signed-in user (kcseancalinao@gmail.com)
[debug] [2026-06-14T04:03:10.777Z] [iam] checking project ridermind-f546f for permissions ["firebase.projects.get","logging.logEntries.list","logging.logs.list"]
[debug] [2026-06-14T04:03:10.778Z] Checked if tokens are valid: true, expires at: 1781412727002
[debug] [2026-06-14T04:03:10.779Z] Checked if tokens are valid: true, expires at: 1781412727002
[debug] [2026-06-14T04:03:10.780Z] >>> [apiv2][query] POST https://cloudresourcemanager.googleapis.com/v1/projects/ridermind-f546f:testIamPermissions [none]
[debug] [2026-06-14T04:03:10.780Z] >>> [apiv2][(partial)header] POST https://cloudresourcemanager.googleapis.com/v1/projects/ridermind-f546f:testIamPermissions  x-goog-user-project=ridermind-f546f
[debug] [2026-06-14T04:03:10.780Z] >>> [apiv2][body] POST https://cloudresourcemanager.googleapis.com/v1/projects/ridermind-f546f:testIamPermissions {"permissions":["firebase.projects.get","logging.logEntries.list","logging.logs.list"]}
[debug] [2026-06-14T04:03:11.789Z] <<< [apiv2][status] POST https://cloudresourcemanager.googleapis.com/v1/projects/ridermind-f546f:testIamPermissions 200
[debug] [2026-06-14T04:03:11.789Z] <<< [apiv2][body] POST https://cloudresourcemanager.googleapis.com/v1/projects/ridermind-f546f:testIamPermissions {"permissions":["firebase.projects.get","logging.logEntries.list","logging.logs.list"]}
[debug] [2026-06-14T04:03:11.789Z] Checked if tokens are valid: true, expires at: 1781412727002
[debug] [2026-06-14T04:03:11.789Z] Checked if tokens are valid: true, expires at: 1781412727002
[debug] [2026-06-14T04:03:11.790Z] >>> [apiv2][query] POST https://logging.googleapis.com/v2/entries:list [none]
[debug] [2026-06-14T04:03:11.790Z] >>> [apiv2][body] POST https://logging.googleapis.com/v2/entries:list {"resourceNames":["projects/ridermind-f546f"],"filter":"resource.type=\"cloud_function\" OR (resource.type=\"cloud_run_revision\" AND labels.\"goog-managed-by\"=\"cloudfunctions\")\n(resource.labels.function_name=\"api\" OR resource.labels.service_name=\"api\")","orderBy":"timestamp desc","pageSize":"5"}
[debug] [2026-06-14T04:03:13.386Z] <<< [apiv2][status] POST https://logging.googleapis.com/v2/entries:list 200
[debug] [2026-06-14T04:04:15.793Z] ----------------------------------------------------------------------
[debug] [2026-06-14T04:04:15.797Z] Command:       C:\Program Files\nodejs\node.exe C:\Users\sean\AppData\Local\npm-cache\_npx\ba4f1959e38407b5\node_modules\firebase-tools\lib\bin\firebase.js deploy --only functions:api --project ridermind-f546f
[debug] [2026-06-14T04:04:15.797Z] CLI Version:   15.20.0
[debug] [2026-06-14T04:04:15.797Z] Platform:      win32
[debug] [2026-06-14T04:04:15.797Z] Node Version:  v24.13.0
[debug] [2026-06-14T04:04:15.797Z] Time:          Sun Jun 14 2026 12:04:15 GMT+0800 (Philippine Standard Time)
[debug] [2026-06-14T04:04:15.797Z] ----------------------------------------------------------------------
[debug] 
[debug] [2026-06-14T04:04:17.965Z] > command requires scopes: ["email","openid","https://www.googleapis.com/auth/cloudplatformprojects.readonly","https://www.googleapis.com/auth/firebase","https://www.googleapis.com/auth/cloud-platform"]
[debug] [2026-06-14T04:04:17.966Z] > authorizing via signed-in user (kcseancalinao@gmail.com)
[debug] [2026-06-14T04:04:17.966Z] [iam] checking project ridermind-f546f for permissions ["cloudfunctions.functions.create","cloudfunctions.functions.delete","cloudfunctions.functions.get","cloudfunctions.functions.list","cloudfunctions.functions.update","cloudfunctions.operations.get","firebase.projects.get"]
[debug] [2026-06-14T04:04:17.967Z] Checked if tokens are valid: true, expires at: 1781412727002
[debug] [2026-06-14T04:04:17.968Z] Checked if tokens are valid: true, expires at: 1781412727002
[debug] [2026-06-14T04:04:17.969Z] >>> [apiv2][query] POST https://cloudresourcemanager.googleapis.com/v1/projects/ridermind-f546f:testIamPermissions [none]
[debug] [2026-06-14T04:04:17.969Z] >>> [apiv2][(partial)header] POST https://cloudresourcemanager.googleapis.com/v1/projects/ridermind-f546f:testIamPermissions  x-goog-user-project=ridermind-f546f
[debug] [2026-06-14T04:04:17.969Z] >>> [apiv2][body] POST https://cloudresourcemanager.googleapis.com/v1/projects/ridermind-f546f:testIamPermissions {"permissions":["cloudfunctions.functions.create","cloudfunctions.functions.delete","cloudfunctions.functions.get","cloudfunctions.functions.list","cloudfunctions.functions.update","cloudfunctions.operations.get","firebase.projects.get"]}
[debug] [2026-06-14T04:04:19.131Z] <<< [apiv2][status] POST https://cloudresourcemanager.googleapis.com/v1/projects/ridermind-f546f:testIamPermissions 200
[debug] [2026-06-14T04:04:19.131Z] <<< [apiv2][body] POST https://cloudresourcemanager.googleapis.com/v1/projects/ridermind-f546f:testIamPermissions {"permissions":["cloudfunctions.functions.create","cloudfunctions.functions.delete","cloudfunctions.functions.get","cloudfunctions.functions.list","cloudfunctions.functions.update","cloudfunctions.operations.get","firebase.projects.get"]}
[debug] [2026-06-14T04:04:19.132Z] Checked if tokens are valid: true, expires at: 1781412727002
[debug] [2026-06-14T04:04:19.132Z] Checked if tokens are valid: true, expires at: 1781412727002
[debug] [2026-06-14T04:04:19.132Z] >>> [apiv2][query] POST https://iam.googleapis.com/v1/projects/ridermind-f546f/serviceAccounts/ridermind-f546f@appspot.gserviceaccount.com:testIamPermissions [none]
[debug] [2026-06-14T04:04:19.132Z] >>> [apiv2][body] POST https://iam.googleapis.com/v1/projects/ridermind-f546f/serviceAccounts/ridermind-f546f@appspot.gserviceaccount.com:testIamPermissions {"permissions":["iam.serviceAccounts.actAs"]}
[debug] [2026-06-14T04:04:20.587Z] <<< [apiv2][status] POST https://iam.googleapis.com/v1/projects/ridermind-f546f/serviceAccounts/ridermind-f546f@appspot.gserviceaccount.com:testIamPermissions 200
[debug] [2026-06-14T04:04:20.587Z] <<< [apiv2][body] POST https://iam.googleapis.com/v1/projects/ridermind-f546f/serviceAccounts/ridermind-f546f@appspot.gserviceaccount.com:testIamPermissions {"permissions":["iam.serviceAccounts.actAs"]}
[info] 
[info] === Deploying to 'ridermind-f546f'...
[info] 
[info] i  deploying functions 
[debug] [2026-06-14T04:04:20.590Z] Checked if tokens are valid: true, expires at: 1781412727002
[debug] [2026-06-14T04:04:20.590Z] Checked if tokens are valid: true, expires at: 1781412727002
[debug] [2026-06-14T04:04:20.590Z] >>> [apiv2][query] GET https://cloudresourcemanager.googleapis.com/v1/projects/ridermind-f546f [none]
[debug] [2026-06-14T04:04:20.837Z] <<< [apiv2][status] GET https://cloudresourcemanager.googleapis.com/v1/projects/ridermind-f546f 200
[debug] [2026-06-14T04:04:20.837Z] <<< [apiv2][body] GET https://cloudresourcemanager.googleapis.com/v1/projects/ridermind-f546f {"projectNumber":"422879281404","projectId":"ridermind-f546f","lifecycleState":"ACTIVE","name":"RiderMind","labels":{"firebase":"enabled","firebase-core":"disabled"},"createTime":"2026-06-11T18:02:22.914Z"}
[info] i  functions: preparing codebase default for deployment 
[info] i  functions: ensuring required API cloudfunctions.googleapis.com is enabled... 
[info] i  functions: ensuring required API cloudbuild.googleapis.com is enabled... 
[info] i  artifactregistry: ensuring required API artifactregistry.googleapis.com is enabled... 
[debug] [2026-06-14T04:04:20.840Z] Checked if tokens are valid: true, expires at: 1781412727002
[debug] [2026-06-14T04:04:20.840Z] Checked if tokens are valid: true, expires at: 1781412727002
[debug] [2026-06-14T04:04:20.840Z] >>> [apiv2][query] GET https://firebase.googleapis.com/v1beta1/projects/ridermind-f546f/adminSdkConfig [none]
[debug] [2026-06-14T04:04:21.712Z] <<< [apiv2][status] GET https://firebase.googleapis.com/v1beta1/projects/ridermind-f546f/adminSdkConfig 200
[debug] [2026-06-14T04:04:21.712Z] <<< [apiv2][body] GET https://firebase.googleapis.com/v1beta1/projects/ridermind-f546f/adminSdkConfig {"projectId":"ridermind-f546f","storageBucket":"ridermind-f546f.firebasestorage.app"}
[debug] [2026-06-14T04:04:21.713Z] Checked if tokens are valid: true, expires at: 1781412727002
[debug] [2026-06-14T04:04:21.713Z] Checked if tokens are valid: true, expires at: 1781412727002
[debug] [2026-06-14T04:04:21.713Z] >>> [apiv2][query] GET https://runtimeconfig.googleapis.com/v1beta1/projects/ridermind-f546f/configs [none]
[debug] [2026-06-14T04:04:22.423Z] <<< [apiv2][status] GET https://runtimeconfig.googleapis.com/v1beta1/projects/ridermind-f546f/configs 200
[debug] [2026-06-14T04:04:22.423Z] <<< [apiv2][body] GET https://runtimeconfig.googleapis.com/v1beta1/projects/ridermind-f546f/configs {}
[debug] [2026-06-14T04:04:22.424Z] Validating nodejs source
[warn] !  functions: Runtime Node.js 20 was deprecated on 2026-04-30 and will be decommissioned on 2026-10-30, after which you will not be able to deploy without upgrading. Consider upgrading now to avoid disruption. See https://cloud.google.com/functions/docs/runtime-support for full details on the lifecycle policy 
[debug] [2026-06-14T04:04:23.315Z] > [functions] package.json contents: {
  "name": "ridermind-functions",
  "description": "Firebase Cloud Functions for RiderMind",
  "type": "module",
  "scripts": {
    "lint": "eslint .",
    "serve": "firebase emulators:start --only functions,firestore,storage,hosting",
    "shell": "firebase functions:shell",
    "start": "npm run shell",
    "seed": "node --use-system-ca scripts/seedFirestore.js",
    "seed:firestore": "node --use-system-ca scripts/seedFirestore.js",
    "deploy": "firebase deploy --only functions",
    "logs": "firebase functions:log"
  },
  "engines": {
    "node": "20"
  },
  "main": "index.js",
  "dependencies": {
    "@emnapi/core": "^1.11.1",
    "@emnapi/runtime": "^1.11.1",
    "bcryptjs": "^2.4.3",
    "colors": "^1.4.0",
    "cookie-parser": "^1.4.6",
    "cors": "^2.8.5",
    "dotenv": "^16.4.5",
    "express": "^4.19.2",
    "firebase-admin": "^13.6.0",
    "firebase-functions": "^7.0.0",
    "jsonwebtoken": "^9.0.2",
    "multer": "^2.0.2",
    "nodemailer": "^7.0.10",
    "sharp": "^0.34.4",
    "uuid": "^9.0.0"
  },
  "devDependencies": {
    "eslint": "^8.15.0",
    "eslint-config-google": "^0.14.0",
    "firebase-functions-test": "^3.4.1"
  },
  "private": true
}
[debug] [2026-06-14T04:04:23.315Z] Building nodejs source
[info] i  functions: Loading and analyzing source code for codebase default to determine what to deploy 
[debug] [2026-06-14T04:04:23.316Z] Could not find functions.yaml. Must use http discovery
[debug] [2026-06-14T04:04:23.325Z] Found firebase-functions binary at 'C:\Users\sean\Desktop\CODE\WORK\RiderMind\functions\node_modules\.bin\firebase-functions'
[info] Serving at port 8207

[debug] [2026-06-14T04:04:24.351Z] Got response from /__/functions.yaml {"endpoints":{"api":{"availableMemoryMb":512,"timeoutSeconds":60,"minInstances":null,"maxInstances":10,"ingressSettings":null,"concurrency":null,"serviceAccountEmail":null,"vpc":null,"platform":"gcfv2","region":["us-central1"],"labels":{},"httpsTrigger":{"invoker":["public"]},"entryPoint":"api"}},"specVersion":"v1alpha1","requiredAPIs":[],"extensions":{}}
[error] ❌ Email service error: Missing credentials for "PLAIN"

[debug] [2026-06-14T04:04:31.249Z] Checked if tokens are valid: true, expires at: 1781412727002
[debug] [2026-06-14T04:04:31.249Z] Checked if tokens are valid: true, expires at: 1781412727002
[debug] [2026-06-14T04:04:31.249Z] >>> [apiv2][query] GET https://cloudfunctions.googleapis.com/v1/projects/ridermind-f546f/locations/-/functions [none]
[debug] [2026-06-14T04:04:32.050Z] <<< [apiv2][status] GET https://cloudfunctions.googleapis.com/v1/projects/ridermind-f546f/locations/-/functions 200
[debug] [2026-06-14T04:04:32.050Z] <<< [apiv2][body] GET https://cloudfunctions.googleapis.com/v1/projects/ridermind-f546f/locations/-/functions {}
[debug] [2026-06-14T04:04:32.051Z] Checked if tokens are valid: true, expires at: 1781412727002
[debug] [2026-06-14T04:04:32.051Z] Checked if tokens are valid: true, expires at: 1781412727002
[debug] [2026-06-14T04:04:32.051Z] >>> [apiv2][query] GET https://cloudfunctions.googleapis.com/v2/projects/ridermind-f546f/locations/-/functions filter=environment%3D%22GEN_2%22
[debug] [2026-06-14T04:04:33.935Z] <<< [apiv2][status] GET https://cloudfunctions.googleapis.com/v2/projects/ridermind-f546f/locations/-/functions 200
[debug] [2026-06-14T04:04:33.935Z] <<< [apiv2][body] GET https://cloudfunctions.googleapis.com/v2/projects/ridermind-f546f/locations/-/functions {"functions":[{"name":"projects/ridermind-f546f/locations/us-central1/functions/api","buildConfig":{"build":"projects/422879281404/locations/us-central1/builds/0b51cac7-5c2f-43bd-814d-103696cc9a26","runtime":"nodejs20","entryPoint":"api","source":{"storageSource":{"bucket":"gcf-v2-sources-422879281404-us-central1","object":"api/function-source.zip","generation":"1781404268666112"}},"environmentVariables":{"GOOGLE_NODE_RUN_SCRIPTS":""},"dockerRepository":"projects/ridermind-f546f/locations/us-central1/repositories/gcf-artifacts","sourceProvenance":{"resolvedStorageSource":{"bucket":"gcf-v2-sources-422879281404-us-central1","object":"api/function-source.zip","generation":"1781404268666112"}},"dockerRegistry":"ARTIFACT_REGISTRY","serviceAccount":"projects/ridermind-f546f/serviceAccounts/422879281404-compute@developer.gserviceaccount.com","automaticUpdatePolicy":{}},"serviceConfig":{"service":"projects/ridermind-f546f/locations/us-central1/services/api","timeoutSeconds":60,"environmentVariables":{"FIREBASE_CONFIG":"{\"projectId\":\"ridermind-f546f\",\"storageBucket\":\"ridermind-f546f.firebasestorage.app\"}","GCLOUD_PROJECT":"ridermind-f546f","EVENTARC_CLOUD_EVENT_SOURCE":"projects/ridermind-f546f/locations/us-central1/services/api","FUNCTION_TARGET":"api","LOG_EXECUTION_ID":"true"},"maxInstanceCount":10,"ingressSettings":"ALLOW_ALL","uri":"https://api-a2mulwfgra-uc.a.run.app","serviceAccountEmail":"422879281404-compute@developer.gserviceaccount.com","availableMemory":"512Mi","allTrafficOnLatestRevision":true,"revision":"api-00001-rab","maxInstanceRequestConcurrency":80,"availableCpu":"1"},"state":"ACTIVE","updateTime":"2026-06-14T02:32:12.492465755Z","labels":{"deployment-tool":"cli-firebase","firebase-functions-hash":"9f59e0c7b7951bf31f8f92926c24b8f6a1664b70"},"environment":"GEN_2","url":"https://us-central1-ridermind-f546f.cloudfunctions.net/api","createTime":"2026-06-11T19:02:53.278614909Z","satisfiesPzi":true}]}
[info] i  extensions: ensuring required API firebaseextensions.googleapis.com is enabled... 
[debug] [2026-06-14T04:04:33.937Z] > command requires scopes: ["email","openid","https://www.googleapis.com/auth/cloudplatformprojects.readonly","https://www.googleapis.com/auth/firebase","https://www.googleapis.com/auth/cloud-platform"]
[debug] [2026-06-14T04:04:33.937Z] > authorizing via signed-in user (kcseancalinao@gmail.com)
[debug] [2026-06-14T04:04:33.937Z] [iam] checking project ridermind-f546f for permissions ["firebase.projects.get","firebaseextensions.instances.list"]
[debug] [2026-06-14T04:04:33.937Z] Checked if tokens are valid: true, expires at: 1781412727002
[debug] [2026-06-14T04:04:33.937Z] Checked if tokens are valid: true, expires at: 1781412727002
[debug] [2026-06-14T04:04:33.937Z] >>> [apiv2][query] POST https://cloudresourcemanager.googleapis.com/v1/projects/ridermind-f546f:testIamPermissions [none]
[debug] [2026-06-14T04:04:33.937Z] >>> [apiv2][(partial)header] POST https://cloudresourcemanager.googleapis.com/v1/projects/ridermind-f546f:testIamPermissions  x-goog-user-project=ridermind-f546f
[debug] [2026-06-14T04:04:33.937Z] >>> [apiv2][body] POST https://cloudresourcemanager.googleapis.com/v1/projects/ridermind-f546f:testIamPermissions {"permissions":["firebase.projects.get","firebaseextensions.instances.list"]}
[debug] [2026-06-14T04:04:35.254Z] <<< [apiv2][status] POST https://cloudresourcemanager.googleapis.com/v1/projects/ridermind-f546f:testIamPermissions 200
[debug] [2026-06-14T04:04:35.254Z] <<< [apiv2][body] POST https://cloudresourcemanager.googleapis.com/v1/projects/ridermind-f546f:testIamPermissions {"permissions":["firebase.projects.get","firebaseextensions.instances.list"]}
[debug] [2026-06-14T04:04:35.255Z] Checked if tokens are valid: true, expires at: 1781412727002
[debug] [2026-06-14T04:04:35.255Z] Checked if tokens are valid: true, expires at: 1781412727002
[debug] [2026-06-14T04:04:35.255Z] >>> [apiv2][query] GET https://firebaseextensions.googleapis.com/v1beta/projects/ridermind-f546f/instances pageSize=100&pageToken=
[debug] [2026-06-14T04:04:36.551Z] <<< [apiv2][status] GET https://firebaseextensions.googleapis.com/v1beta/projects/ridermind-f546f/instances 200
[debug] [2026-06-14T04:04:36.551Z] <<< [apiv2][body] GET https://firebaseextensions.googleapis.com/v1beta/projects/ridermind-f546f/instances {}
[info] i  functions: preparing functions directory for uploading... 
[info] i  functions: packaged C:\Users\sean\Desktop\CODE\WORK\RiderMind\functions (204.94 KB) for uploading 
[info] i  functions: ensuring required API run.googleapis.com is enabled... 
[info] i  functions: ensuring required API eventarc.googleapis.com is enabled... 
[info] i  functions: ensuring required API pubsub.googleapis.com is enabled... 
[info] i  functions: ensuring required API storage.googleapis.com is enabled... 
[info] i  functions: generating the service identity for pubsub.googleapis.com... 
[debug] [2026-06-14T04:04:36.672Z] Checked if tokens are valid: true, expires at: 1781412727002
[debug] [2026-06-14T04:04:36.672Z] Checked if tokens are valid: true, expires at: 1781412727002
[info] i  functions: generating the service identity for eventarc.googleapis.com... 
[debug] [2026-06-14T04:04:36.673Z] Checked if tokens are valid: true, expires at: 1781412727002
[debug] [2026-06-14T04:04:36.673Z] Checked if tokens are valid: true, expires at: 1781412727002
[debug] [2026-06-14T04:04:36.673Z] >>> [apiv2][query] POST https://serviceusage.googleapis.com/v1beta1/projects/422879281404/services/pubsub.googleapis.com:generateServiceIdentity [none]
[debug] [2026-06-14T04:04:36.673Z] >>> [apiv2][(partial)header] POST https://serviceusage.googleapis.com/v1beta1/projects/422879281404/services/pubsub.googleapis.com:generateServiceIdentity  x-goog-user-project=422879281404
[debug] [2026-06-14T04:04:36.673Z] >>> [apiv2][body] POST https://serviceusage.googleapis.com/v1beta1/projects/422879281404/services/pubsub.googleapis.com:generateServiceIdentity {}
[debug] [2026-06-14T04:04:36.674Z] >>> [apiv2][query] POST https://serviceusage.googleapis.com/v1beta1/projects/422879281404/services/eventarc.googleapis.com:generateServiceIdentity [none]
[debug] [2026-06-14T04:04:36.674Z] >>> [apiv2][(partial)header] POST https://serviceusage.googleapis.com/v1beta1/projects/422879281404/services/eventarc.googleapis.com:generateServiceIdentity  x-goog-user-project=422879281404
[debug] [2026-06-14T04:04:36.674Z] >>> [apiv2][body] POST https://serviceusage.googleapis.com/v1beta1/projects/422879281404/services/eventarc.googleapis.com:generateServiceIdentity {}
[debug] [2026-06-14T04:04:38.358Z] <<< [apiv2][status] POST https://serviceusage.googleapis.com/v1beta1/projects/422879281404/services/pubsub.googleapis.com:generateServiceIdentity 200
[debug] [2026-06-14T04:04:38.358Z] <<< [apiv2][body] POST https://serviceusage.googleapis.com/v1beta1/projects/422879281404/services/pubsub.googleapis.com:generateServiceIdentity {"name":"operations/finished.DONE_OPERATION","done":true,"response":{"@type":"type.googleapis.com/google.api.serviceusage.v1beta1.ServiceIdentity","email":"service-422879281404@gcp-sa-pubsub.iam.gserviceaccount.com","uniqueId":"110046256282637913242"}}
[debug] [2026-06-14T04:04:38.359Z] <<< [apiv2][status] POST https://serviceusage.googleapis.com/v1beta1/projects/422879281404/services/eventarc.googleapis.com:generateServiceIdentity 200
[debug] [2026-06-14T04:04:38.359Z] <<< [apiv2][body] POST https://serviceusage.googleapis.com/v1beta1/projects/422879281404/services/eventarc.googleapis.com:generateServiceIdentity {"name":"operations/finished.DONE_OPERATION","done":true,"response":{"@type":"type.googleapis.com/google.api.serviceusage.v1beta1.ServiceIdentity","email":"service-422879281404@gcp-sa-eventarc.iam.gserviceaccount.com","uniqueId":"117827715401854033188"}}
[debug] [2026-06-14T04:04:38.362Z] Checked if tokens are valid: true, expires at: 1781412727002
[debug] [2026-06-14T04:04:38.362Z] Checked if tokens are valid: true, expires at: 1781412727002
[debug] [2026-06-14T04:04:38.362Z] >>> [apiv2][query] GET https://cloudresourcemanager.googleapis.com/v1/projects/ridermind-f546f [none]
[debug] [2026-06-14T04:04:38.572Z] <<< [apiv2][status] GET https://cloudresourcemanager.googleapis.com/v1/projects/ridermind-f546f 200
[debug] [2026-06-14T04:04:38.573Z] <<< [apiv2][body] GET https://cloudresourcemanager.googleapis.com/v1/projects/ridermind-f546f {"projectNumber":"422879281404","projectId":"ridermind-f546f","lifecycleState":"ACTIVE","name":"RiderMind","labels":{"firebase":"enabled","firebase-core":"disabled"},"createTime":"2026-06-11T18:02:22.914Z"}
[debug] [2026-06-14T04:04:38.573Z] Checked if tokens are valid: true, expires at: 1781412727002
[debug] [2026-06-14T04:04:38.573Z] Checked if tokens are valid: true, expires at: 1781412727002
[debug] [2026-06-14T04:04:38.574Z] >>> [apiv2][query] GET https://compute.googleapis.com/compute/v1/projects/422879281404 [none]
[debug] [2026-06-14T04:04:38.955Z] <<< [apiv2][status] GET https://compute.googleapis.com/compute/v1/projects/422879281404 403
[debug] [2026-06-14T04:04:38.955Z] <<< [apiv2][body] GET https://compute.googleapis.com/compute/v1/projects/422879281404 {"error":{"code":403,"message":"Compute Engine API has not been used in project 422879281404 before or it is disabled. Enable it by visiting https://console.developers.google.com/apis/api/compute.googleapis.com/overview?project=422879281404 then retry. If you enabled this API recently, wait a few minutes for the action to propagate to our systems and retry.","errors":[{"message":"Compute Engine API has not been used in project 422879281404 before or it is disabled. Enable it by visiting https://console.developers.google.com/apis/api/compute.googleapis.com/overview?project=422879281404 then retry. If you enabled this API recently, wait a few minutes for the action to propagate to our systems and retry.","domain":"usageLimits","reason":"accessNotConfigured","extendedHelp":"https://console.developers.google.com"}],"status":"PERMISSION_DENIED","details":[{"@type":"type.googleapis.com/google.rpc.ErrorInfo","reason":"SERVICE_DISABLED","domain":"googleapis.com","metadata":{"serviceTitle":"Compute Engine API","containerInfo":"422879281404","consumer":"projects/422879281404","activationUrl":"https://console.developers.google.com/apis/api/compute.googleapis.com/overview?project=422879281404","service":"compute.googleapis.com"}},{"@type":"type.googleapis.com/google.rpc.LocalizedMessage","locale":"en-US","message":"Compute Engine API has not been used in project 422879281404 before or it is disabled. Enable it by visiting https://console.developers.google.com/apis/api/compute.googleapis.com/overview?project=422879281404 then retry. If you enabled this API recently, wait a few minutes for the action to propagate to our systems and retry."},{"@type":"type.googleapis.com/google.rpc.Help","links":[{"description":"Google developers console API activation","url":"https://console.developers.google.com/apis/api/compute.googleapis.com/overview?project=422879281404"}]}]}}
[debug] [2026-06-14T04:04:38.956Z] unable to look up default compute service account. Falling back to 422879281404-compute@developer.gserviceaccount.com. Error: {"name":"FirebaseError","children":[],"context":{"body":{"error":{"code":403,"message":"Compute Engine API has not been used in project 422879281404 before or it is disabled. Enable it by visiting https://console.developers.google.com/apis/api/compute.googleapis.com/overview?project=422879281404 then retry. If you enabled this API recently, wait a few minutes for the action to propagate to our systems and retry.","errors":[{"message":"Compute Engine API has not been used in project 422879281404 before or it is disabled. Enable it by visiting https://console.developers.google.com/apis/api/compute.googleapis.com/overview?project=422879281404 then retry. If you enabled this API recently, wait a few minutes for the action to propagate to our systems and retry.","domain":"usageLimits","reason":"accessNotConfigured","extendedHelp":"https://console.developers.google.com"}],"status":"PERMISSION_DENIED","details":[{"@type":"type.googleapis.com/google.rpc.ErrorInfo","reason":"SERVICE_DISABLED","domain":"googleapis.com","metadata":{"serviceTitle":"Compute Engine API","containerInfo":"422879281404","consumer":"projects/422879281404","activationUrl":"https://console.developers.google.com/apis/api/compute.googleapis.com/overview?project=422879281404","service":"compute.googleapis.com"}},{"@type":"type.googleapis.com/google.rpc.LocalizedMessage","locale":"en-US","message":"Compute Engine API has not been used in project 422879281404 before or it is disabled. Enable it by visiting https://console.developers.google.com/apis/api/compute.googleapis.com/overview?project=422879281404 then retry. If you enabled this API recently, wait a few minutes for the action to propagate to our systems and retry."},{"@type":"type.googleapis.com/google.rpc.Help","links":[{"description":"Google developers console API activation","url":"https://console.developers.google.com/apis/api/compute.googleapis.com/overview?project=422879281404"}]}]}},"response":{"statusCode":403}},"exit":1,"message":"Request to https://compute.googleapis.com/compute/v1/projects/422879281404 had HTTP Error: 403, Compute Engine API has not been used in project 422879281404 before or it is disabled. Enable it by visiting https://console.developers.google.com/apis/api/compute.googleapis.com/overview?project=422879281404 then retry. If you enabled this API recently, wait a few minutes for the action to propagate to our systems and retry.","status":403}
[debug] [2026-06-14T04:04:38.956Z] Checked if tokens are valid: true, expires at: 1781412727002
[debug] [2026-06-14T04:04:38.956Z] Checked if tokens are valid: true, expires at: 1781412727002
[debug] [2026-06-14T04:04:38.956Z] >>> [apiv2][query] GET https://cloudbilling.googleapis.com/v1/projects/ridermind-f546f/billingInfo [none]
[debug] [2026-06-14T04:04:40.172Z] <<< [apiv2][status] GET https://cloudbilling.googleapis.com/v1/projects/ridermind-f546f/billingInfo 200
[debug] [2026-06-14T04:04:40.172Z] <<< [apiv2][body] GET https://cloudbilling.googleapis.com/v1/projects/ridermind-f546f/billingInfo {"name":"projects/ridermind-f546f/billingInfo","projectId":"ridermind-f546f","billingAccountName":"billingAccounts/01936B-CC1317-C92503","billingEnabled":true}
[debug] [2026-06-14T04:04:40.176Z] Checked if tokens are valid: true, expires at: 1781412727002
[debug] [2026-06-14T04:04:40.176Z] Checked if tokens are valid: true, expires at: 1781412727002
[debug] [2026-06-14T04:04:40.177Z] >>> [apiv2][query] POST https://cloudfunctions.googleapis.com/v2/projects/ridermind-f546f/locations/us-central1/functions:generateUploadUrl [none]
[debug] [2026-06-14T04:04:41.439Z] <<< [apiv2][status] POST https://cloudfunctions.googleapis.com/v2/projects/ridermind-f546f/locations/us-central1/functions:generateUploadUrl 200
[debug] [2026-06-14T04:04:41.439Z] <<< [apiv2][body] POST https://cloudfunctions.googleapis.com/v2/projects/ridermind-f546f/locations/us-central1/functions:generateUploadUrl {"uploadUrl":"https://storage.googleapis.com/gcf-v2-uploads-422879281404.us-central1.cloudfunctions.appspot.com/9cc3919d-ca65-49ff-9dee-61bdbd9ecddd.zip?GoogleAccessId=service-422879281404@gcf-admin-robot.iam.gserviceaccount.com&Expires=1781411684&Signature=LH9z3RSGJLwrbIl1KLr%2BwgcKW9rXOuEK66wcMllB6iCWanli7Exvols6cj6oNEnGb5rjWAqUatid8ISTMpysTWYC%2BeK7tc1xi48CLMRc%2B0rpkZn61v1okBlop5SLPKY55PS0%2FJTzyFNM5f7mbg5iD9Ubm3FKOqQwk5t27ylbuAmBOfLb8fx3HMLVqQ7L9KKedmXLAYYBiD4GA5naM%2BaYad1KcREneEc8JoBBTBQ0o8F9yDs97V0Kwr0BSymes92j%2FByEnjeMXwe9W1UzkeHy8WVMI9A73tByUvISsGQ4E85%2BnWyo4kmm%2BZOQADE2nkBof4Sxq1wZkZd4Jtg36zirUw%3D%3D","storageSource":{"bucket":"gcf-v2-uploads-422879281404.us-central1.cloudfunctions.appspot.com","object":"9cc3919d-ca65-49ff-9dee-61bdbd9ecddd.zip"}}
[debug] [2026-06-14T04:04:41.442Z] >>> [apiv2][query] PUT https://storage.googleapis.com/gcf-v2-uploads-422879281404.us-central1.cloudfunctions.appspot.com/9cc3919d-ca65-49ff-9dee-61bdbd9ecddd.zip GoogleAccessId=service-422879281404%40gcf-admin-robot.iam.gserviceaccount.com&Expires=1781411684&Signature=LH9z3RSGJLwrbIl1KLr%2BwgcKW9rXOuEK66wcMllB6iCWanli7Exvols6cj6oNEnGb5rjWAqUatid8ISTMpysTWYC%2BeK7tc1xi48CLMRc%2B0rpkZn61v1okBlop5SLPKY55PS0%2FJTzyFNM5f7mbg5iD9Ubm3FKOqQwk5t27ylbuAmBOfLb8fx3HMLVqQ7L9KKedmXLAYYBiD4GA5naM%2BaYad1KcREneEc8JoBBTBQ0o8F9yDs97V0Kwr0BSymes92j%2FByEnjeMXwe9W1UzkeHy8WVMI9A73tByUvISsGQ4E85%2BnWyo4kmm%2BZOQADE2nkBof4Sxq1wZkZd4Jtg36zirUw%3D%3D
[debug] [2026-06-14T04:04:41.443Z] >>> [apiv2][body] PUT https://storage.googleapis.com/gcf-v2-uploads-422879281404.us-central1.cloudfunctions.appspot.com/9cc3919d-ca65-49ff-9dee-61bdbd9ecddd.zip [stream]
[debug] [2026-06-14T04:04:43.846Z] <<< [apiv2][status] PUT https://storage.googleapis.com/gcf-v2-uploads-422879281404.us-central1.cloudfunctions.appspot.com/9cc3919d-ca65-49ff-9dee-61bdbd9ecddd.zip 200
[debug] [2026-06-14T04:04:43.847Z] <<< [apiv2][body] PUT https://storage.googleapis.com/gcf-v2-uploads-422879281404.us-central1.cloudfunctions.appspot.com/9cc3919d-ca65-49ff-9dee-61bdbd9ecddd.zip [omitted]
[info] +  functions: functions source uploaded successfully 
[info] i  functions: updating Node.js 20 (2nd Gen) function api(us-central1)... 
[debug] [2026-06-14T04:04:43.849Z] Checked if tokens are valid: true, expires at: 1781412727002
[debug] [2026-06-14T04:04:43.849Z] Checked if tokens are valid: true, expires at: 1781412727002
[debug] [2026-06-14T04:04:43.849Z] >>> [apiv2][query] PATCH https://cloudfunctions.googleapis.com/v2/projects/ridermind-f546f/locations/us-central1/functions/api updateMask=name%2CbuildConfig.runtime%2CbuildConfig.entryPoint%2CbuildConfig.source.storageSource.bucket%2CbuildConfig.source.storageSource.object%2CbuildConfig.environmentVariables%2CbuildConfig.sourceToken%2CserviceConfig.environmentVariables%2CserviceConfig.ingressSettings%2CserviceConfig.timeoutSeconds%2CserviceConfig.serviceAccountEmail%2CserviceConfig.availableMemory%2CserviceConfig.minInstanceCount%2CserviceConfig.maxInstanceCount%2CserviceConfig.maxInstanceRequestConcurrency%2CserviceConfig.availableCpu%2CserviceConfig.vpcConnector%2CserviceConfig.vpcConnectorEgressSettings%2CserviceConfig.directVpcNetworkInterface%2CserviceConfig.directVpcEgress%2Clabels
[debug] [2026-06-14T04:04:43.849Z] >>> [apiv2][body] PATCH https://cloudfunctions.googleapis.com/v2/projects/ridermind-f546f/locations/us-central1/functions/api {"name":"projects/ridermind-f546f/locations/us-central1/functions/api","buildConfig":{"runtime":"nodejs20","entryPoint":"api","source":{"storageSource":{"bucket":"gcf-v2-uploads-422879281404.us-central1.cloudfunctions.appspot.com","object":"9cc3919d-ca65-49ff-9dee-61bdbd9ecddd.zip"}},"environmentVariables":{"GOOGLE_NODE_RUN_SCRIPTS":""}},"serviceConfig":{"environmentVariables":{"FIREBASE_CONFIG":"{\"projectId\":\"ridermind-f546f\",\"storageBucket\":\"ridermind-f546f.firebasestorage.app\"}","GCLOUD_PROJECT":"ridermind-f546f","EVENTARC_CLOUD_EVENT_SOURCE":"projects/ridermind-f546f/locations/us-central1/services/api","FUNCTION_TARGET":"api","LOG_EXECUTION_ID":"true"},"ingressSettings":null,"timeoutSeconds":60,"serviceAccountEmail":null,"availableMemory":"512Mi","minInstanceCount":null,"maxInstanceCount":10,"maxInstanceRequestConcurrency":80,"availableCpu":"1","vpcConnector":null,"vpcConnectorEgressSettings":null,"directVpcNetworkInterface":null,"directVpcEgress":null},"labels":{"deployment-tool":"cli-firebase","firebase-functions-hash":"7c1d3c9bc97ce9039b1cb1024334c13ed5108b80"}}
[debug] [2026-06-14T04:04:46.162Z] <<< [apiv2][status] PATCH https://cloudfunctions.googleapis.com/v2/projects/ridermind-f546f/locations/us-central1/functions/api 200
[debug] [2026-06-14T04:04:46.162Z] <<< [apiv2][body] PATCH https://cloudfunctions.googleapis.com/v2/projects/ridermind-f546f/locations/us-central1/functions/api {"name":"projects/ridermind-f546f/locations/us-central1/operations/operation-1781409888228-6542ecf96558c-f718beb4-b23bbbc9","metadata":{"@type":"type.googleapis.com/google.cloud.functions.v2.OperationMetadata","createTime":"2026-06-14T04:04:49.349847727Z","target":"projects/ridermind-f546f/locations/us-central1/functions/api","verb":"update","cancelRequested":false,"apiVersion":"v2"},"done":false}
[debug] [2026-06-14T04:04:46.162Z] Checked if tokens are valid: true, expires at: 1781412727002
[debug] [2026-06-14T04:04:46.163Z] Checked if tokens are valid: true, expires at: 1781412727002
[debug] [2026-06-14T04:04:46.163Z] >>> [apiv2][query] GET https://cloudfunctions.googleapis.com/v2/projects/ridermind-f546f/locations/us-central1/operations/operation-1781409888228-6542ecf96558c-f718beb4-b23bbbc9 [none]
[debug] [2026-06-14T04:04:47.274Z] <<< [apiv2][status] GET https://cloudfunctions.googleapis.com/v2/projects/ridermind-f546f/locations/us-central1/operations/operation-1781409888228-6542ecf96558c-f718beb4-b23bbbc9 200
[debug] [2026-06-14T04:04:47.274Z] <<< [apiv2][body] GET https://cloudfunctions.googleapis.com/v2/projects/ridermind-f546f/locations/us-central1/operations/operation-1781409888228-6542ecf96558c-f718beb4-b23bbbc9 {"name":"projects/ridermind-f546f/locations/us-central1/operations/operation-1781409888228-6542ecf96558c-f718beb4-b23bbbc9","metadata":{"@type":"type.googleapis.com/google.cloud.functions.v2.OperationMetadata","createTime":"2026-06-14T04:04:49.349847727Z","target":"projects/ridermind-f546f/locations/us-central1/functions/api","verb":"update","cancelRequested":false,"apiVersion":"v2","requestResource":{"@type":"type.googleapis.com/google.cloud.functions.v2.Function","name":"projects/ridermind-f546f/locations/us-central1/functions/api","buildConfig":{"runtime":"nodejs20","entryPoint":"api","source":{"storageSource":{"bucket":"gcf-v2-sources-422879281404-us-central1","object":"api/function-source.zip","generation":"1781409889300168"}},"environmentVariables":{"GOOGLE_NODE_RUN_SCRIPTS":""},"dockerRepository":"projects/ridermind-f546f/locations/us-central1/repositories/gcf-artifacts","sourceProvenance":{"resolvedStorageSource":{"bucket":"gcf-v2-sources-422879281404-us-central1","object":"api/function-source.zip","generation":"1781404268666112"}},"dockerRegistry":"ARTIFACT_REGISTRY","serviceAccount":"projects/ridermind-f546f/serviceAccounts/422879281404-compute@developer.gserviceaccount.com","automaticUpdatePolicy":{}},"serviceConfig":{"service":"projects/ridermind-f546f/locations/us-central1/services/api","timeoutSeconds":60,"environmentVariables":{"FIREBASE_CONFIG":"{\"projectId\":\"ridermind-f546f\",\"storageBucket\":\"ridermind-f546f.firebasestorage.app\"}","GCLOUD_PROJECT":"ridermind-f546f","EVENTARC_CLOUD_EVENT_SOURCE":"projects/ridermind-f546f/locations/us-central1/services/api","FUNCTION_TARGET":"api","LOG_EXECUTION_ID":"true"},"maxInstanceCount":10,"ingressSettings":"ALLOW_ALL","uri":"https://api-a2mulwfgra-uc.a.run.app","serviceAccountEmail":"422879281404-compute@developer.gserviceaccount.com","availableMemory":"512Mi","allTrafficOnLatestRevision":true,"revision":"api-00001-rab","maxInstanceRequestConcurrency":80,"availableCpu":"1"},"state":"ACTIVE","labels":{"deployment-tool":"cloudfunctions","firebase-functions-hash":"7c1d3c9bc97ce9039b1cb1024334c13ed5108b80"},"environment":"GEN_2","url":"https://us-central1-ridermind-f546f.cloudfunctions.net/api","satisfiesPzi":true},"stages":[{"name":"BUILD","message":"Build in progress","state":"IN_PROGRESS","resource":"projects/422879281404/locations/us-central1/builds/aaa47c68-eb9c-4953-b15e-0bad45ae289f","resourceUri":"https://console.cloud.google.com/cloud-build/builds;region=us-central1/aaa47c68-eb9c-4953-b15e-0bad45ae289f?project=422879281404"},{"name":"SERVICE","state":"NOT_STARTED"}],"operationType":"UPDATE_FUNCTION","buildName":"projects/422879281404/locations/us-central1/builds/aaa47c68-eb9c-4953-b15e-0bad45ae289f"},"done":false}
[debug] [2026-06-14T04:04:47.784Z] [update-default-us-central1-api] Retrying task index 0
[debug] [2026-06-14T04:04:47.784Z] Checked if tokens are valid: true, expires at: 1781412727002
[debug] [2026-06-14T04:04:47.784Z] Checked if tokens are valid: true, expires at: 1781412727002
[debug] [2026-06-14T04:04:47.784Z] >>> [apiv2][query] GET https://cloudfunctions.googleapis.com/v2/projects/ridermind-f546f/locations/us-central1/operations/operation-1781409888228-6542ecf96558c-f718beb4-b23bbbc9 [none]
[debug] [2026-06-14T04:04:49.038Z] <<< [apiv2][status] GET https://cloudfunctions.googleapis.com/v2/projects/ridermind-f546f/locations/us-central1/operations/operation-1781409888228-6542ecf96558c-f718beb4-b23bbbc9 200
[debug] [2026-06-14T04:04:49.038Z] <<< [apiv2][body] GET https://cloudfunctions.googleapis.com/v2/projects/ridermind-f546f/locations/us-central1/operations/operation-1781409888228-6542ecf96558c-f718beb4-b23bbbc9 {"name":"projects/ridermind-f546f/locations/us-central1/operations/operation-1781409888228-6542ecf96558c-f718beb4-b23bbbc9","metadata":{"@type":"type.googleapis.com/google.cloud.functions.v2.OperationMetadata","createTime":"2026-06-14T04:04:49.349847727Z","target":"projects/ridermind-f546f/locations/us-central1/functions/api","verb":"update","cancelRequested":false,"apiVersion":"v2","requestResource":{"@type":"type.googleapis.com/google.cloud.functions.v2.Function","name":"projects/ridermind-f546f/locations/us-central1/functions/api","buildConfig":{"runtime":"nodejs20","entryPoint":"api","source":{"storageSource":{"bucket":"gcf-v2-sources-422879281404-us-central1","object":"api/function-source.zip","generation":"1781409889300168"}},"environmentVariables":{"GOOGLE_NODE_RUN_SCRIPTS":""},"dockerRepository":"projects/ridermind-f546f/locations/us-central1/repositories/gcf-artifacts","sourceProvenance":{"resolvedStorageSource":{"bucket":"gcf-v2-sources-422879281404-us-central1","object":"api/function-source.zip","generation":"1781404268666112"}},"dockerRegistry":"ARTIFACT_REGISTRY","serviceAccount":"projects/ridermind-f546f/serviceAccounts/422879281404-compute@developer.gserviceaccount.com","automaticUpdatePolicy":{}},"serviceConfig":{"service":"projects/ridermind-f546f/locations/us-central1/services/api","timeoutSeconds":60,"environmentVariables":{"FIREBASE_CONFIG":"{\"projectId\":\"ridermind-f546f\",\"storageBucket\":\"ridermind-f546f.firebasestorage.app\"}","GCLOUD_PROJECT":"ridermind-f546f","EVENTARC_CLOUD_EVENT_SOURCE":"projects/ridermind-f546f/locations/us-central1/services/api","FUNCTION_TARGET":"api","LOG_EXECUTION_ID":"true"},"maxInstanceCount":10,"ingressSettings":"ALLOW_ALL","uri":"https://api-a2mulwfgra-uc.a.run.app","serviceAccountEmail":"422879281404-compute@developer.gserviceaccount.com","availableMemory":"512Mi","allTrafficOnLatestRevision":true,"revision":"api-00001-rab","maxInstanceRequestConcurrency":80,"availableCpu":"1"},"state":"ACTIVE","labels":{"deployment-tool":"cloudfunctions","firebase-functions-hash":"7c1d3c9bc97ce9039b1cb1024334c13ed5108b80"},"environment":"GEN_2","url":"https://us-central1-ridermind-f546f.cloudfunctions.net/api","satisfiesPzi":true},"stages":[{"name":"BUILD","message":"Build in progress","state":"IN_PROGRESS","resource":"projects/422879281404/locations/us-central1/builds/aaa47c68-eb9c-4953-b15e-0bad45ae289f","resourceUri":"https://console.cloud.google.com/cloud-build/builds;region=us-central1/aaa47c68-eb9c-4953-b15e-0bad45ae289f?project=422879281404"},{"name":"SERVICE","state":"NOT_STARTED"}],"operationType":"UPDATE_FUNCTION","buildName":"projects/422879281404/locations/us-central1/builds/aaa47c68-eb9c-4953-b15e-0bad45ae289f"},"done":false}
[debug] [2026-06-14T04:04:50.039Z] [update-default-us-central1-api] Retrying task index 0
[debug] [2026-06-14T04:04:50.039Z] Checked if tokens are valid: true, expires at: 1781412727002
[debug] [2026-06-14T04:04:50.039Z] Checked if tokens are valid: true, expires at: 1781412727002
[debug] [2026-06-14T04:04:50.039Z] >>> [apiv2][query] GET https://cloudfunctions.googleapis.com/v2/projects/ridermind-f546f/locations/us-central1/operations/operation-1781409888228-6542ecf96558c-f718beb4-b23bbbc9 [none]
[debug] [2026-06-14T04:04:51.137Z] <<< [apiv2][status] GET https://cloudfunctions.googleapis.com/v2/projects/ridermind-f546f/locations/us-central1/operations/operation-1781409888228-6542ecf96558c-f718beb4-b23bbbc9 200
[debug] [2026-06-14T04:04:51.138Z] <<< [apiv2][body] GET https://cloudfunctions.googleapis.com/v2/projects/ridermind-f546f/locations/us-central1/operations/operation-1781409888228-6542ecf96558c-f718beb4-b23bbbc9 {"name":"projects/ridermind-f546f/locations/us-central1/operations/operation-1781409888228-6542ecf96558c-f718beb4-b23bbbc9","metadata":{"@type":"type.googleapis.com/google.cloud.functions.v2.OperationMetadata","createTime":"2026-06-14T04:04:49.349847727Z","target":"projects/ridermind-f546f/locations/us-central1/functions/api","verb":"update","cancelRequested":false,"apiVersion":"v2","requestResource":{"@type":"type.googleapis.com/google.cloud.functions.v2.Function","name":"projects/ridermind-f546f/locations/us-central1/functions/api","buildConfig":{"runtime":"nodejs20","entryPoint":"api","source":{"storageSource":{"bucket":"gcf-v2-sources-422879281404-us-central1","object":"api/function-source.zip","generation":"1781409889300168"}},"environmentVariables":{"GOOGLE_NODE_RUN_SCRIPTS":""},"dockerRepository":"projects/ridermind-f546f/locations/us-central1/repositories/gcf-artifacts","sourceProvenance":{"resolvedStorageSource":{"bucket":"gcf-v2-sources-422879281404-us-central1","object":"api/function-source.zip","generation":"1781404268666112"}},"dockerRegistry":"ARTIFACT_REGISTRY","serviceAccount":"projects/ridermind-f546f/serviceAccounts/422879281404-compute@developer.gserviceaccount.com","automaticUpdatePolicy":{}},"serviceConfig":{"service":"projects/ridermind-f546f/locations/us-central1/services/api","timeoutSeconds":60,"environmentVariables":{"FIREBASE_CONFIG":"{\"projectId\":\"ridermind-f546f\",\"storageBucket\":\"ridermind-f546f.firebasestorage.app\"}","GCLOUD_PROJECT":"ridermind-f546f","EVENTARC_CLOUD_EVENT_SOURCE":"projects/ridermind-f546f/locations/us-central1/services/api","FUNCTION_TARGET":"api","LOG_EXECUTION_ID":"true"},"maxInstanceCount":10,"ingressSettings":"ALLOW_ALL","uri":"https://api-a2mulwfgra-uc.a.run.app","serviceAccountEmail":"422879281404-compute@developer.gserviceaccount.com","availableMemory":"512Mi","allTrafficOnLatestRevision":true,"revision":"api-00001-rab","maxInstanceRequestConcurrency":80,"availableCpu":"1"},"state":"ACTIVE","labels":{"deployment-tool":"cloudfunctions","firebase-functions-hash":"7c1d3c9bc97ce9039b1cb1024334c13ed5108b80"},"environment":"GEN_2","url":"https://us-central1-ridermind-f546f.cloudfunctions.net/api","satisfiesPzi":true},"stages":[{"name":"BUILD","message":"Build in progress","state":"IN_PROGRESS","resource":"projects/422879281404/locations/us-central1/builds/aaa47c68-eb9c-4953-b15e-0bad45ae289f","resourceUri":"https://console.cloud.google.com/cloud-build/builds;region=us-central1/aaa47c68-eb9c-4953-b15e-0bad45ae289f?project=422879281404"},{"name":"SERVICE","state":"NOT_STARTED"}],"operationType":"UPDATE_FUNCTION","buildName":"projects/422879281404/locations/us-central1/builds/aaa47c68-eb9c-4953-b15e-0bad45ae289f"},"done":false}
[debug] [2026-06-14T04:04:53.138Z] [update-default-us-central1-api] Retrying task index 0
[debug] [2026-06-14T04:04:53.139Z] Checked if tokens are valid: true, expires at: 1781412727002
[debug] [2026-06-14T04:04:53.139Z] Checked if tokens are valid: true, expires at: 1781412727002
[debug] [2026-06-14T04:04:53.140Z] >>> [apiv2][query] GET https://cloudfunctions.googleapis.com/v2/projects/ridermind-f546f/locations/us-central1/operations/operation-1781409888228-6542ecf96558c-f718beb4-b23bbbc9 [none]
[debug] [2026-06-14T04:04:54.252Z] <<< [apiv2][status] GET https://cloudfunctions.googleapis.com/v2/projects/ridermind-f546f/locations/us-central1/operations/operation-1781409888228-6542ecf96558c-f718beb4-b23bbbc9 200
[debug] [2026-06-14T04:04:54.252Z] <<< [apiv2][body] GET https://cloudfunctions.googleapis.com/v2/projects/ridermind-f546f/locations/us-central1/operations/operation-1781409888228-6542ecf96558c-f718beb4-b23bbbc9 {"name":"projects/ridermind-f546f/locations/us-central1/operations/operation-1781409888228-6542ecf96558c-f718beb4-b23bbbc9","metadata":{"@type":"type.googleapis.com/google.cloud.functions.v2.OperationMetadata","createTime":"2026-06-14T04:04:49.349847727Z","target":"projects/ridermind-f546f/locations/us-central1/functions/api","verb":"update","cancelRequested":false,"apiVersion":"v2","requestResource":{"@type":"type.googleapis.com/google.cloud.functions.v2.Function","name":"projects/ridermind-f546f/locations/us-central1/functions/api","buildConfig":{"runtime":"nodejs20","entryPoint":"api","source":{"storageSource":{"bucket":"gcf-v2-sources-422879281404-us-central1","object":"api/function-source.zip","generation":"1781409889300168"}},"environmentVariables":{"GOOGLE_NODE_RUN_SCRIPTS":""},"dockerRepository":"projects/ridermind-f546f/locations/us-central1/repositories/gcf-artifacts","sourceProvenance":{"resolvedStorageSource":{"bucket":"gcf-v2-sources-422879281404-us-central1","object":"api/function-source.zip","generation":"1781404268666112"}},"dockerRegistry":"ARTIFACT_REGISTRY","serviceAccount":"projects/ridermind-f546f/serviceAccounts/422879281404-compute@developer.gserviceaccount.com","automaticUpdatePolicy":{}},"serviceConfig":{"service":"projects/ridermind-f546f/locations/us-central1/services/api","timeoutSeconds":60,"environmentVariables":{"FIREBASE_CONFIG":"{\"projectId\":\"ridermind-f546f\",\"storageBucket\":\"ridermind-f546f.firebasestorage.app\"}","GCLOUD_PROJECT":"ridermind-f546f","EVENTARC_CLOUD_EVENT_SOURCE":"projects/ridermind-f546f/locations/us-central1/services/api","FUNCTION_TARGET":"api","LOG_EXECUTION_ID":"true"},"maxInstanceCount":10,"ingressSettings":"ALLOW_ALL","uri":"https://api-a2mulwfgra-uc.a.run.app","serviceAccountEmail":"422879281404-compute@developer.gserviceaccount.com","availableMemory":"512Mi","allTrafficOnLatestRevision":true,"revision":"api-00001-rab","maxInstanceRequestConcurrency":80,"availableCpu":"1"},"state":"ACTIVE","labels":{"deployment-tool":"cloudfunctions","firebase-functions-hash":"7c1d3c9bc97ce9039b1cb1024334c13ed5108b80"},"environment":"GEN_2","url":"https://us-central1-ridermind-f546f.cloudfunctions.net/api","satisfiesPzi":true},"stages":[{"name":"BUILD","message":"Build in progress","state":"IN_PROGRESS","resource":"projects/422879281404/locations/us-central1/builds/aaa47c68-eb9c-4953-b15e-0bad45ae289f","resourceUri":"https://console.cloud.google.com/cloud-build/builds;region=us-central1/aaa47c68-eb9c-4953-b15e-0bad45ae289f?project=422879281404"},{"name":"SERVICE","state":"NOT_STARTED"}],"operationType":"UPDATE_FUNCTION","buildName":"projects/422879281404/locations/us-central1/builds/aaa47c68-eb9c-4953-b15e-0bad45ae289f"},"done":false}
[debug] [2026-06-14T04:04:58.253Z] [update-default-us-central1-api] Retrying task index 0
[debug] [2026-06-14T04:04:58.254Z] Checked if tokens are valid: true, expires at: 1781412727002
[debug] [2026-06-14T04:04:58.255Z] Checked if tokens are valid: true, expires at: 1781412727002
[debug] [2026-06-14T04:04:58.255Z] >>> [apiv2][query] GET https://cloudfunctions.googleapis.com/v2/projects/ridermind-f546f/locations/us-central1/operations/operation-1781409888228-6542ecf96558c-f718beb4-b23bbbc9 [none]
[debug] [2026-06-14T04:04:59.393Z] <<< [apiv2][status] GET https://cloudfunctions.googleapis.com/v2/projects/ridermind-f546f/locations/us-central1/operations/operation-1781409888228-6542ecf96558c-f718beb4-b23bbbc9 200
[debug] [2026-06-14T04:04:59.393Z] <<< [apiv2][body] GET https://cloudfunctions.googleapis.com/v2/projects/ridermind-f546f/locations/us-central1/operations/operation-1781409888228-6542ecf96558c-f718beb4-b23bbbc9 {"name":"projects/ridermind-f546f/locations/us-central1/operations/operation-1781409888228-6542ecf96558c-f718beb4-b23bbbc9","metadata":{"@type":"type.googleapis.com/google.cloud.functions.v2.OperationMetadata","createTime":"2026-06-14T04:04:49.349847727Z","target":"projects/ridermind-f546f/locations/us-central1/functions/api","verb":"update","cancelRequested":false,"apiVersion":"v2","requestResource":{"@type":"type.googleapis.com/google.cloud.functions.v2.Function","name":"projects/ridermind-f546f/locations/us-central1/functions/api","buildConfig":{"runtime":"nodejs20","entryPoint":"api","source":{"storageSource":{"bucket":"gcf-v2-sources-422879281404-us-central1","object":"api/function-source.zip","generation":"1781409889300168"}},"environmentVariables":{"GOOGLE_NODE_RUN_SCRIPTS":""},"dockerRepository":"projects/ridermind-f546f/locations/us-central1/repositories/gcf-artifacts","sourceProvenance":{"resolvedStorageSource":{"bucket":"gcf-v2-sources-422879281404-us-central1","object":"api/function-source.zip","generation":"1781404268666112"}},"dockerRegistry":"ARTIFACT_REGISTRY","serviceAccount":"projects/ridermind-f546f/serviceAccounts/422879281404-compute@developer.gserviceaccount.com","automaticUpdatePolicy":{}},"serviceConfig":{"service":"projects/ridermind-f546f/locations/us-central1/services/api","timeoutSeconds":60,"environmentVariables":{"FIREBASE_CONFIG":"{\"projectId\":\"ridermind-f546f\",\"storageBucket\":\"ridermind-f546f.firebasestorage.app\"}","GCLOUD_PROJECT":"ridermind-f546f","EVENTARC_CLOUD_EVENT_SOURCE":"projects/ridermind-f546f/locations/us-central1/services/api","FUNCTION_TARGET":"api","LOG_EXECUTION_ID":"true"},"maxInstanceCount":10,"ingressSettings":"ALLOW_ALL","uri":"https://api-a2mulwfgra-uc.a.run.app","serviceAccountEmail":"422879281404-compute@developer.gserviceaccount.com","availableMemory":"512Mi","allTrafficOnLatestRevision":true,"revision":"api-00001-rab","maxInstanceRequestConcurrency":80,"availableCpu":"1"},"state":"ACTIVE","labels":{"deployment-tool":"cloudfunctions","firebase-functions-hash":"7c1d3c9bc97ce9039b1cb1024334c13ed5108b80"},"environment":"GEN_2","url":"https://us-central1-ridermind-f546f.cloudfunctions.net/api","satisfiesPzi":true},"stages":[{"name":"BUILD","message":"Build in progress","state":"IN_PROGRESS","resource":"projects/422879281404/locations/us-central1/builds/aaa47c68-eb9c-4953-b15e-0bad45ae289f","resourceUri":"https://console.cloud.google.com/cloud-build/builds;region=us-central1/aaa47c68-eb9c-4953-b15e-0bad45ae289f?project=422879281404"},{"name":"SERVICE","state":"NOT_STARTED"}],"operationType":"UPDATE_FUNCTION","buildName":"projects/422879281404/locations/us-central1/builds/aaa47c68-eb9c-4953-b15e-0bad45ae289f"},"done":false}
[debug] [2026-06-14T04:05:07.407Z] [update-default-us-central1-api] Retrying task index 0
[debug] [2026-06-14T04:05:07.408Z] Checked if tokens are valid: true, expires at: 1781412727002
[debug] [2026-06-14T04:05:07.409Z] Checked if tokens are valid: true, expires at: 1781412727002
[debug] [2026-06-14T04:05:07.410Z] >>> [apiv2][query] GET https://cloudfunctions.googleapis.com/v2/projects/ridermind-f546f/locations/us-central1/operations/operation-1781409888228-6542ecf96558c-f718beb4-b23bbbc9 [none]
[debug] [2026-06-14T04:05:08.814Z] <<< [apiv2][status] GET https://cloudfunctions.googleapis.com/v2/projects/ridermind-f546f/locations/us-central1/operations/operation-1781409888228-6542ecf96558c-f718beb4-b23bbbc9 200
[debug] [2026-06-14T04:05:08.814Z] <<< [apiv2][body] GET https://cloudfunctions.googleapis.com/v2/projects/ridermind-f546f/locations/us-central1/operations/operation-1781409888228-6542ecf96558c-f718beb4-b23bbbc9 {"name":"projects/ridermind-f546f/locations/us-central1/operations/operation-1781409888228-6542ecf96558c-f718beb4-b23bbbc9","metadata":{"@type":"type.googleapis.com/google.cloud.functions.v2.OperationMetadata","createTime":"2026-06-14T04:04:49.349847727Z","target":"projects/ridermind-f546f/locations/us-central1/functions/api","verb":"update","cancelRequested":false,"apiVersion":"v2","requestResource":{"@type":"type.googleapis.com/google.cloud.functions.v2.Function","name":"projects/ridermind-f546f/locations/us-central1/functions/api","buildConfig":{"runtime":"nodejs20","entryPoint":"api","source":{"storageSource":{"bucket":"gcf-v2-sources-422879281404-us-central1","object":"api/function-source.zip","generation":"1781409889300168"}},"environmentVariables":{"GOOGLE_NODE_RUN_SCRIPTS":""},"dockerRepository":"projects/ridermind-f546f/locations/us-central1/repositories/gcf-artifacts","sourceProvenance":{"resolvedStorageSource":{"bucket":"gcf-v2-sources-422879281404-us-central1","object":"api/function-source.zip","generation":"1781404268666112"}},"dockerRegistry":"ARTIFACT_REGISTRY","serviceAccount":"projects/ridermind-f546f/serviceAccounts/422879281404-compute@developer.gserviceaccount.com","automaticUpdatePolicy":{}},"serviceConfig":{"service":"projects/ridermind-f546f/locations/us-central1/services/api","timeoutSeconds":60,"environmentVariables":{"FIREBASE_CONFIG":"{\"projectId\":\"ridermind-f546f\",\"storageBucket\":\"ridermind-f546f.firebasestorage.app\"}","GCLOUD_PROJECT":"ridermind-f546f","EVENTARC_CLOUD_EVENT_SOURCE":"projects/ridermind-f546f/locations/us-central1/services/api","FUNCTION_TARGET":"api","LOG_EXECUTION_ID":"true"},"maxInstanceCount":10,"ingressSettings":"ALLOW_ALL","uri":"https://api-a2mulwfgra-uc.a.run.app","serviceAccountEmail":"422879281404-compute@developer.gserviceaccount.com","availableMemory":"512Mi","allTrafficOnLatestRevision":true,"revision":"api-00001-rab","maxInstanceRequestConcurrency":80,"availableCpu":"1"},"state":"ACTIVE","labels":{"deployment-tool":"cloudfunctions","firebase-functions-hash":"7c1d3c9bc97ce9039b1cb1024334c13ed5108b80"},"environment":"GEN_2","url":"https://us-central1-ridermind-f546f.cloudfunctions.net/api","satisfiesPzi":true},"stages":[{"name":"BUILD","message":"Build in progress","state":"IN_PROGRESS","resource":"projects/422879281404/locations/us-central1/builds/aaa47c68-eb9c-4953-b15e-0bad45ae289f","resourceUri":"https://console.cloud.google.com/cloud-build/builds;region=us-central1/aaa47c68-eb9c-4953-b15e-0bad45ae289f?project=422879281404"},{"name":"SERVICE","state":"NOT_STARTED"}],"operationType":"UPDATE_FUNCTION","buildName":"projects/422879281404/locations/us-central1/builds/aaa47c68-eb9c-4953-b15e-0bad45ae289f"},"done":false}
[debug] [2026-06-14T04:05:18.824Z] [update-default-us-central1-api] Retrying task index 0
[debug] [2026-06-14T04:05:18.825Z] Checked if tokens are valid: true, expires at: 1781412727002
[debug] [2026-06-14T04:05:18.826Z] Checked if tokens are valid: true, expires at: 1781412727002
[debug] [2026-06-14T04:05:18.826Z] >>> [apiv2][query] GET https://cloudfunctions.googleapis.com/v2/projects/ridermind-f546f/locations/us-central1/operations/operation-1781409888228-6542ecf96558c-f718beb4-b23bbbc9 [none]
[debug] [2026-06-14T04:05:20.394Z] <<< [apiv2][status] GET https://cloudfunctions.googleapis.com/v2/projects/ridermind-f546f/locations/us-central1/operations/operation-1781409888228-6542ecf96558c-f718beb4-b23bbbc9 200
[debug] [2026-06-14T04:05:20.394Z] <<< [apiv2][body] GET https://cloudfunctions.googleapis.com/v2/projects/ridermind-f546f/locations/us-central1/operations/operation-1781409888228-6542ecf96558c-f718beb4-b23bbbc9 {"name":"projects/ridermind-f546f/locations/us-central1/operations/operation-1781409888228-6542ecf96558c-f718beb4-b23bbbc9","metadata":{"@type":"type.googleapis.com/google.cloud.functions.v2.OperationMetadata","createTime":"2026-06-14T04:04:49.349847727Z","target":"projects/ridermind-f546f/locations/us-central1/functions/api","verb":"update","cancelRequested":false,"apiVersion":"v2","requestResource":{"@type":"type.googleapis.com/google.cloud.functions.v2.Function","name":"projects/ridermind-f546f/locations/us-central1/functions/api","buildConfig":{"runtime":"nodejs20","entryPoint":"api","source":{"storageSource":{"bucket":"gcf-v2-sources-422879281404-us-central1","object":"api/function-source.zip","generation":"1781409889300168"}},"environmentVariables":{"GOOGLE_NODE_RUN_SCRIPTS":""},"dockerRepository":"projects/ridermind-f546f/locations/us-central1/repositories/gcf-artifacts","sourceProvenance":{"resolvedStorageSource":{"bucket":"gcf-v2-sources-422879281404-us-central1","object":"api/function-source.zip","generation":"1781404268666112"}},"dockerRegistry":"ARTIFACT_REGISTRY","serviceAccount":"projects/ridermind-f546f/serviceAccounts/422879281404-compute@developer.gserviceaccount.com","automaticUpdatePolicy":{}},"serviceConfig":{"service":"projects/ridermind-f546f/locations/us-central1/services/api","timeoutSeconds":60,"environmentVariables":{"FIREBASE_CONFIG":"{\"projectId\":\"ridermind-f546f\",\"storageBucket\":\"ridermind-f546f.firebasestorage.app\"}","GCLOUD_PROJECT":"ridermind-f546f","EVENTARC_CLOUD_EVENT_SOURCE":"projects/ridermind-f546f/locations/us-central1/services/api","FUNCTION_TARGET":"api","LOG_EXECUTION_ID":"true"},"maxInstanceCount":10,"ingressSettings":"ALLOW_ALL","uri":"https://api-a2mulwfgra-uc.a.run.app","serviceAccountEmail":"422879281404-compute@developer.gserviceaccount.com","availableMemory":"512Mi","allTrafficOnLatestRevision":true,"revision":"api-00001-rab","maxInstanceRequestConcurrency":80,"availableCpu":"1"},"state":"ACTIVE","labels":{"deployment-tool":"cloudfunctions","firebase-functions-hash":"7c1d3c9bc97ce9039b1cb1024334c13ed5108b80"},"environment":"GEN_2","url":"https://us-central1-ridermind-f546f.cloudfunctions.net/api","satisfiesPzi":true},"stages":[{"name":"BUILD","message":"Build in progress","state":"IN_PROGRESS","resource":"projects/422879281404/locations/us-central1/builds/aaa47c68-eb9c-4953-b15e-0bad45ae289f","resourceUri":"https://console.cloud.google.com/cloud-build/builds;region=us-central1/aaa47c68-eb9c-4953-b15e-0bad45ae289f?project=422879281404"},{"name":"SERVICE","state":"NOT_STARTED"}],"operationType":"UPDATE_FUNCTION","buildName":"projects/422879281404/locations/us-central1/builds/aaa47c68-eb9c-4953-b15e-0bad45ae289f"},"done":false}
[debug] [2026-06-14T04:05:30.407Z] [update-default-us-central1-api] Retrying task index 0
[debug] [2026-06-14T04:05:30.408Z] Checked if tokens are valid: true, expires at: 1781412727002
[debug] [2026-06-14T04:05:30.409Z] Checked if tokens are valid: true, expires at: 1781412727002
[debug] [2026-06-14T04:05:30.410Z] >>> [apiv2][query] GET https://cloudfunctions.googleapis.com/v2/projects/ridermind-f546f/locations/us-central1/operations/operation-1781409888228-6542ecf96558c-f718beb4-b23bbbc9 [none]
[debug] [2026-06-14T04:05:31.646Z] <<< [apiv2][status] GET https://cloudfunctions.googleapis.com/v2/projects/ridermind-f546f/locations/us-central1/operations/operation-1781409888228-6542ecf96558c-f718beb4-b23bbbc9 200
[debug] [2026-06-14T04:05:31.646Z] <<< [apiv2][body] GET https://cloudfunctions.googleapis.com/v2/projects/ridermind-f546f/locations/us-central1/operations/operation-1781409888228-6542ecf96558c-f718beb4-b23bbbc9 {"name":"projects/ridermind-f546f/locations/us-central1/operations/operation-1781409888228-6542ecf96558c-f718beb4-b23bbbc9","metadata":{"@type":"type.googleapis.com/google.cloud.functions.v2.OperationMetadata","createTime":"2026-06-14T04:04:49.349847727Z","target":"projects/ridermind-f546f/locations/us-central1/functions/api","verb":"update","cancelRequested":false,"apiVersion":"v2","requestResource":{"@type":"type.googleapis.com/google.cloud.functions.v2.Function","name":"projects/ridermind-f546f/locations/us-central1/functions/api","buildConfig":{"runtime":"nodejs20","entryPoint":"api","source":{"storageSource":{"bucket":"gcf-v2-sources-422879281404-us-central1","object":"api/function-source.zip","generation":"1781409889300168"}},"environmentVariables":{"GOOGLE_NODE_RUN_SCRIPTS":""},"dockerRepository":"projects/ridermind-f546f/locations/us-central1/repositories/gcf-artifacts","sourceProvenance":{"resolvedStorageSource":{"bucket":"gcf-v2-sources-422879281404-us-central1","object":"api/function-source.zip","generation":"1781404268666112"}},"dockerRegistry":"ARTIFACT_REGISTRY","serviceAccount":"projects/ridermind-f546f/serviceAccounts/422879281404-compute@developer.gserviceaccount.com","automaticUpdatePolicy":{}},"serviceConfig":{"service":"projects/ridermind-f546f/locations/us-central1/services/api","timeoutSeconds":60,"environmentVariables":{"FIREBASE_CONFIG":"{\"projectId\":\"ridermind-f546f\",\"storageBucket\":\"ridermind-f546f.firebasestorage.app\"}","GCLOUD_PROJECT":"ridermind-f546f","EVENTARC_CLOUD_EVENT_SOURCE":"projects/ridermind-f546f/locations/us-central1/services/api","FUNCTION_TARGET":"api","LOG_EXECUTION_ID":"true"},"maxInstanceCount":10,"ingressSettings":"ALLOW_ALL","uri":"https://api-a2mulwfgra-uc.a.run.app","serviceAccountEmail":"422879281404-compute@developer.gserviceaccount.com","availableMemory":"512Mi","allTrafficOnLatestRevision":true,"revision":"api-00001-rab","maxInstanceRequestConcurrency":80,"availableCpu":"1"},"state":"ACTIVE","labels":{"deployment-tool":"cloudfunctions","firebase-functions-hash":"7c1d3c9bc97ce9039b1cb1024334c13ed5108b80"},"environment":"GEN_2","url":"https://us-central1-ridermind-f546f.cloudfunctions.net/api","satisfiesPzi":true},"stages":[{"name":"BUILD","message":"Build finished","state":"COMPLETE","resource":"projects/422879281404/locations/us-central1/builds/aaa47c68-eb9c-4953-b15e-0bad45ae289f","resourceUri":"https://console.cloud.google.com/cloud-build/builds;region=us-central1/aaa47c68-eb9c-4953-b15e-0bad45ae289f?project=422879281404"},{"name":"SERVICE","message":"Updating Cloud Run service","state":"IN_PROGRESS","resource":"projects/ridermind-f546f/locations/us-central1/services/api","resourceUri":"https://console.cloud.google.com/run/detail/us-central1/api?project=ridermind-f546f","stateMessages":[{"severity":"INFO","type":"CloudRunServiceNewRevisionTrafficInfo","message":"A new revision will be deployed serving with 100% traffic."}]}],"sourceToken":"Cldwcm9qZWN0cy80MjI4NzkyODE0MDQvbG9jYXRpb25zL3VzLWNlbnRyYWwxL2J1aWxkcy9hYWE0N2M2OC1lYjljLTQ5NTMtYjE1ZS0wYmFkNDVhZTI4OWYSZnVzLWNlbnRyYWwxLWRvY2tlci5wa2cuZGV2L3JpZGVybWluZC1mNTQ2Zi9nY2YtYXJ0aWZhY3RzL3JpZGVybWluZC0tZjU0NmZfX3VzLS1jZW50cmFsMV9fYXBpOnZlcnNpb25fMRj8gcespwwiPHByb2plY3RzL3JpZGVybWluZC1mNTQ2Zi9sb2NhdGlvbnMvdXMtY2VudHJhbDEvZnVuY3Rpb25zL2FwaSoLCI7RuNEGEJj2sF8yCG5vZGVqczIwOnYKI2djci5pby9nYWUtcnVudGltZXMvbm9kZWpzMjA6c3RhYmxlEk91cy1jZW50cmFsMS1kb2NrZXIucGtnLmRldi9zZXJ2ZXJsZXNzLXJ1bnRpbWVzL2dvb2dsZS0yMi1mdWxsL3J1bnRpbWVzL25vZGVqczIwQAE=","operationType":"UPDATE_FUNCTION","buildName":"projects/422879281404/locations/us-central1/builds/aaa47c68-eb9c-4953-b15e-0bad45ae289f"},"done":false}
[debug] [2026-06-14T04:05:31.646Z] Got source token Cldwcm9qZWN0cy80MjI4NzkyODE0MDQvbG9jYXRpb25zL3VzLWNlbnRyYWwxL2J1aWxkcy9hYWE0N2M2OC1lYjljLTQ5NTMtYjE1ZS0wYmFkNDVhZTI4OWYSZnVzLWNlbnRyYWwxLWRvY2tlci5wa2cuZGV2L3JpZGVybWluZC1mNTQ2Zi9nY2YtYXJ0aWZhY3RzL3JpZGVybWluZC0tZjU0NmZfX3VzLS1jZW50cmFsMV9fYXBpOnZlcnNpb25fMRj8gcespwwiPHByb2plY3RzL3JpZGVybWluZC1mNTQ2Zi9sb2NhdGlvbnMvdXMtY2VudHJhbDEvZnVuY3Rpb25zL2FwaSoLCI7RuNEGEJj2sF8yCG5vZGVqczIwOnYKI2djci5pby9nYWUtcnVudGltZXMvbm9kZWpzMjA6c3RhYmxlEk91cy1jZW50cmFsMS1kb2NrZXIucGtnLmRldi9zZXJ2ZXJsZXNzLXJ1bnRpbWVzL2dvb2dsZS0yMi1mdWxsL3J1bnRpbWVzL25vZGVqczIwQAE= for region us-central1
[debug] [2026-06-14T04:05:41.655Z] [update-default-us-central1-api] Retrying task index 0
[debug] [2026-06-14T04:05:41.656Z] Checked if tokens are valid: true, expires at: 1781412727002
[debug] [2026-06-14T04:05:41.657Z] Checked if tokens are valid: true, expires at: 1781412727002
[debug] [2026-06-14T04:05:41.657Z] >>> [apiv2][query] GET https://cloudfunctions.googleapis.com/v2/projects/ridermind-f546f/locations/us-central1/operations/operation-1781409888228-6542ecf96558c-f718beb4-b23bbbc9 [none]
[debug] [2026-06-14T04:05:43.013Z] <<< [apiv2][status] GET https://cloudfunctions.googleapis.com/v2/projects/ridermind-f546f/locations/us-central1/operations/operation-1781409888228-6542ecf96558c-f718beb4-b23bbbc9 200
[debug] [2026-06-14T04:05:43.013Z] <<< [apiv2][body] GET https://cloudfunctions.googleapis.com/v2/projects/ridermind-f546f/locations/us-central1/operations/operation-1781409888228-6542ecf96558c-f718beb4-b23bbbc9 {"name":"projects/ridermind-f546f/locations/us-central1/operations/operation-1781409888228-6542ecf96558c-f718beb4-b23bbbc9","metadata":{"@type":"type.googleapis.com/google.cloud.functions.v2.OperationMetadata","createTime":"2026-06-14T04:04:49.349847727Z","target":"projects/ridermind-f546f/locations/us-central1/functions/api","verb":"update","cancelRequested":false,"apiVersion":"v2","requestResource":{"@type":"type.googleapis.com/google.cloud.functions.v2.Function","name":"projects/ridermind-f546f/locations/us-central1/functions/api","buildConfig":{"runtime":"nodejs20","entryPoint":"api","source":{"storageSource":{"bucket":"gcf-v2-sources-422879281404-us-central1","object":"api/function-source.zip","generation":"1781409889300168"}},"environmentVariables":{"GOOGLE_NODE_RUN_SCRIPTS":""},"dockerRepository":"projects/ridermind-f546f/locations/us-central1/repositories/gcf-artifacts","sourceProvenance":{"resolvedStorageSource":{"bucket":"gcf-v2-sources-422879281404-us-central1","object":"api/function-source.zip","generation":"1781404268666112"}},"dockerRegistry":"ARTIFACT_REGISTRY","serviceAccount":"projects/ridermind-f546f/serviceAccounts/422879281404-compute@developer.gserviceaccount.com","automaticUpdatePolicy":{}},"serviceConfig":{"service":"projects/ridermind-f546f/locations/us-central1/services/api","timeoutSeconds":60,"environmentVariables":{"FIREBASE_CONFIG":"{\"projectId\":\"ridermind-f546f\",\"storageBucket\":\"ridermind-f546f.firebasestorage.app\"}","GCLOUD_PROJECT":"ridermind-f546f","EVENTARC_CLOUD_EVENT_SOURCE":"projects/ridermind-f546f/locations/us-central1/services/api","FUNCTION_TARGET":"api","LOG_EXECUTION_ID":"true"},"maxInstanceCount":10,"ingressSettings":"ALLOW_ALL","uri":"https://api-a2mulwfgra-uc.a.run.app","serviceAccountEmail":"422879281404-compute@developer.gserviceaccount.com","availableMemory":"512Mi","allTrafficOnLatestRevision":true,"revision":"api-00001-rab","maxInstanceRequestConcurrency":80,"availableCpu":"1"},"state":"ACTIVE","labels":{"deployment-tool":"cloudfunctions","firebase-functions-hash":"7c1d3c9bc97ce9039b1cb1024334c13ed5108b80"},"environment":"GEN_2","url":"https://us-central1-ridermind-f546f.cloudfunctions.net/api","satisfiesPzi":true},"stages":[{"name":"BUILD","message":"Build finished","state":"COMPLETE","resource":"projects/422879281404/locations/us-central1/builds/aaa47c68-eb9c-4953-b15e-0bad45ae289f","resourceUri":"https://console.cloud.google.com/cloud-build/builds;region=us-central1/aaa47c68-eb9c-4953-b15e-0bad45ae289f?project=422879281404"},{"name":"SERVICE","message":"Updating Cloud Run service","state":"IN_PROGRESS","resource":"projects/ridermind-f546f/locations/us-central1/services/api","resourceUri":"https://console.cloud.google.com/run/detail/us-central1/api?project=ridermind-f546f","stateMessages":[{"severity":"INFO","type":"CloudRunServiceNewRevisionTrafficInfo","message":"A new revision will be deployed serving with 100% traffic."}]}],"sourceToken":"Cldwcm9qZWN0cy80MjI4NzkyODE0MDQvbG9jYXRpb25zL3VzLWNlbnRyYWwxL2J1aWxkcy9hYWE0N2M2OC1lYjljLTQ5NTMtYjE1ZS0wYmFkNDVhZTI4OWYSZnVzLWNlbnRyYWwxLWRvY2tlci5wa2cuZGV2L3JpZGVybWluZC1mNTQ2Zi9nY2YtYXJ0aWZhY3RzL3JpZGVybWluZC0tZjU0NmZfX3VzLS1jZW50cmFsMV9fYXBpOnZlcnNpb25fMRj8gcespwwiPHByb2plY3RzL3JpZGVybWluZC1mNTQ2Zi9sb2NhdGlvbnMvdXMtY2VudHJhbDEvZnVuY3Rpb25zL2FwaSoLCI7RuNEGEJj2sF8yCG5vZGVqczIwOnYKI2djci5pby9nYWUtcnVudGltZXMvbm9kZWpzMjA6c3RhYmxlEk91cy1jZW50cmFsMS1kb2NrZXIucGtnLmRldi9zZXJ2ZXJsZXNzLXJ1bnRpbWVzL2dvb2dsZS0yMi1mdWxsL3J1bnRpbWVzL25vZGVqczIwQAE=","operationType":"UPDATE_FUNCTION","buildName":"projects/422879281404/locations/us-central1/builds/aaa47c68-eb9c-4953-b15e-0bad45ae289f"},"done":false}
[debug] [2026-06-14T04:05:43.013Z] Got source token Cldwcm9qZWN0cy80MjI4NzkyODE0MDQvbG9jYXRpb25zL3VzLWNlbnRyYWwxL2J1aWxkcy9hYWE0N2M2OC1lYjljLTQ5NTMtYjE1ZS0wYmFkNDVhZTI4OWYSZnVzLWNlbnRyYWwxLWRvY2tlci5wa2cuZGV2L3JpZGVybWluZC1mNTQ2Zi9nY2YtYXJ0aWZhY3RzL3JpZGVybWluZC0tZjU0NmZfX3VzLS1jZW50cmFsMV9fYXBpOnZlcnNpb25fMRj8gcespwwiPHByb2plY3RzL3JpZGVybWluZC1mNTQ2Zi9sb2NhdGlvbnMvdXMtY2VudHJhbDEvZnVuY3Rpb25zL2FwaSoLCI7RuNEGEJj2sF8yCG5vZGVqczIwOnYKI2djci5pby9nYWUtcnVudGltZXMvbm9kZWpzMjA6c3RhYmxlEk91cy1jZW50cmFsMS1kb2NrZXIucGtnLmRldi9zZXJ2ZXJsZXNzLXJ1bnRpbWVzL2dvb2dsZS0yMi1mdWxsL3J1bnRpbWVzL25vZGVqczIwQAE= for region us-central1
[debug] [2026-06-14T04:05:53.021Z] [update-default-us-central1-api] Retrying task index 0
[debug] [2026-06-14T04:05:53.022Z] Checked if tokens are valid: true, expires at: 1781412727002
[debug] [2026-06-14T04:05:53.022Z] Checked if tokens are valid: true, expires at: 1781412727002
[debug] [2026-06-14T04:05:53.022Z] >>> [apiv2][query] GET https://cloudfunctions.googleapis.com/v2/projects/ridermind-f546f/locations/us-central1/operations/operation-1781409888228-6542ecf96558c-f718beb4-b23bbbc9 [none]
[debug] [2026-06-14T04:05:54.275Z] <<< [apiv2][status] GET https://cloudfunctions.googleapis.com/v2/projects/ridermind-f546f/locations/us-central1/operations/operation-1781409888228-6542ecf96558c-f718beb4-b23bbbc9 200
[debug] [2026-06-14T04:05:54.275Z] <<< [apiv2][body] GET https://cloudfunctions.googleapis.com/v2/projects/ridermind-f546f/locations/us-central1/operations/operation-1781409888228-6542ecf96558c-f718beb4-b23bbbc9 {"name":"projects/ridermind-f546f/locations/us-central1/operations/operation-1781409888228-6542ecf96558c-f718beb4-b23bbbc9","metadata":{"@type":"type.googleapis.com/google.cloud.functions.v2.OperationMetadata","createTime":"2026-06-14T04:04:49.349847727Z","target":"projects/ridermind-f546f/locations/us-central1/functions/api","verb":"update","cancelRequested":false,"apiVersion":"v2","requestResource":{"@type":"type.googleapis.com/google.cloud.functions.v2.Function","name":"projects/ridermind-f546f/locations/us-central1/functions/api","buildConfig":{"runtime":"nodejs20","entryPoint":"api","source":{"storageSource":{"bucket":"gcf-v2-sources-422879281404-us-central1","object":"api/function-source.zip","generation":"1781409889300168"}},"environmentVariables":{"GOOGLE_NODE_RUN_SCRIPTS":""},"dockerRepository":"projects/ridermind-f546f/locations/us-central1/repositories/gcf-artifacts","sourceProvenance":{"resolvedStorageSource":{"bucket":"gcf-v2-sources-422879281404-us-central1","object":"api/function-source.zip","generation":"1781404268666112"}},"dockerRegistry":"ARTIFACT_REGISTRY","serviceAccount":"projects/ridermind-f546f/serviceAccounts/422879281404-compute@developer.gserviceaccount.com","automaticUpdatePolicy":{}},"serviceConfig":{"service":"projects/ridermind-f546f/locations/us-central1/services/api","timeoutSeconds":60,"environmentVariables":{"FIREBASE_CONFIG":"{\"projectId\":\"ridermind-f546f\",\"storageBucket\":\"ridermind-f546f.firebasestorage.app\"}","GCLOUD_PROJECT":"ridermind-f546f","EVENTARC_CLOUD_EVENT_SOURCE":"projects/ridermind-f546f/locations/us-central1/services/api","FUNCTION_TARGET":"api","LOG_EXECUTION_ID":"true"},"maxInstanceCount":10,"ingressSettings":"ALLOW_ALL","uri":"https://api-a2mulwfgra-uc.a.run.app","serviceAccountEmail":"422879281404-compute@developer.gserviceaccount.com","availableMemory":"512Mi","allTrafficOnLatestRevision":true,"revision":"api-00001-rab","maxInstanceRequestConcurrency":80,"availableCpu":"1"},"state":"ACTIVE","labels":{"deployment-tool":"cloudfunctions","firebase-functions-hash":"7c1d3c9bc97ce9039b1cb1024334c13ed5108b80"},"environment":"GEN_2","url":"https://us-central1-ridermind-f546f.cloudfunctions.net/api","satisfiesPzi":true},"stages":[{"name":"BUILD","message":"Build finished","state":"COMPLETE","resource":"projects/422879281404/locations/us-central1/builds/aaa47c68-eb9c-4953-b15e-0bad45ae289f","resourceUri":"https://console.cloud.google.com/cloud-build/builds;region=us-central1/aaa47c68-eb9c-4953-b15e-0bad45ae289f?project=422879281404"},{"name":"SERVICE","message":"Updating Cloud Run service","state":"IN_PROGRESS","resource":"projects/ridermind-f546f/locations/us-central1/services/api","resourceUri":"https://console.cloud.google.com/run/detail/us-central1/api?project=ridermind-f546f","stateMessages":[{"severity":"INFO","type":"CloudRunServiceNewRevisionTrafficInfo","message":"A new revision will be deployed serving with 100% traffic."}]}],"sourceToken":"Cldwcm9qZWN0cy80MjI4NzkyODE0MDQvbG9jYXRpb25zL3VzLWNlbnRyYWwxL2J1aWxkcy9hYWE0N2M2OC1lYjljLTQ5NTMtYjE1ZS0wYmFkNDVhZTI4OWYSZnVzLWNlbnRyYWwxLWRvY2tlci5wa2cuZGV2L3JpZGVybWluZC1mNTQ2Zi9nY2YtYXJ0aWZhY3RzL3JpZGVybWluZC0tZjU0NmZfX3VzLS1jZW50cmFsMV9fYXBpOnZlcnNpb25fMRj8gcespwwiPHByb2plY3RzL3JpZGVybWluZC1mNTQ2Zi9sb2NhdGlvbnMvdXMtY2VudHJhbDEvZnVuY3Rpb25zL2FwaSoLCI7RuNEGEJj2sF8yCG5vZGVqczIwOnYKI2djci5pby9nYWUtcnVudGltZXMvbm9kZWpzMjA6c3RhYmxlEk91cy1jZW50cmFsMS1kb2NrZXIucGtnLmRldi9zZXJ2ZXJsZXNzLXJ1bnRpbWVzL2dvb2dsZS0yMi1mdWxsL3J1bnRpbWVzL25vZGVqczIwQAE=","operationType":"UPDATE_FUNCTION","buildName":"projects/422879281404/locations/us-central1/builds/aaa47c68-eb9c-4953-b15e-0bad45ae289f"},"done":false}
[debug] [2026-06-14T04:05:54.275Z] Got source token Cldwcm9qZWN0cy80MjI4NzkyODE0MDQvbG9jYXRpb25zL3VzLWNlbnRyYWwxL2J1aWxkcy9hYWE0N2M2OC1lYjljLTQ5NTMtYjE1ZS0wYmFkNDVhZTI4OWYSZnVzLWNlbnRyYWwxLWRvY2tlci5wa2cuZGV2L3JpZGVybWluZC1mNTQ2Zi9nY2YtYXJ0aWZhY3RzL3JpZGVybWluZC0tZjU0NmZfX3VzLS1jZW50cmFsMV9fYXBpOnZlcnNpb25fMRj8gcespwwiPHByb2plY3RzL3JpZGVybWluZC1mNTQ2Zi9sb2NhdGlvbnMvdXMtY2VudHJhbDEvZnVuY3Rpb25zL2FwaSoLCI7RuNEGEJj2sF8yCG5vZGVqczIwOnYKI2djci5pby9nYWUtcnVudGltZXMvbm9kZWpzMjA6c3RhYmxlEk91cy1jZW50cmFsMS1kb2NrZXIucGtnLmRldi9zZXJ2ZXJsZXNzLXJ1bnRpbWVzL2dvb2dsZS0yMi1mdWxsL3J1bnRpbWVzL25vZGVqczIwQAE= for region us-central1
[debug] [2026-06-14T04:06:04.277Z] [update-default-us-central1-api] Retrying task index 0
[debug] [2026-06-14T04:06:04.278Z] Checked if tokens are valid: true, expires at: 1781412727002
[debug] [2026-06-14T04:06:04.279Z] Checked if tokens are valid: true, expires at: 1781412727002
[debug] [2026-06-14T04:06:04.279Z] >>> [apiv2][query] GET https://cloudfunctions.googleapis.com/v2/projects/ridermind-f546f/locations/us-central1/operations/operation-1781409888228-6542ecf96558c-f718beb4-b23bbbc9 [none]
[debug] [2026-06-14T04:06:05.538Z] <<< [apiv2][status] GET https://cloudfunctions.googleapis.com/v2/projects/ridermind-f546f/locations/us-central1/operations/operation-1781409888228-6542ecf96558c-f718beb4-b23bbbc9 200
[debug] [2026-06-14T04:06:05.538Z] <<< [apiv2][body] GET https://cloudfunctions.googleapis.com/v2/projects/ridermind-f546f/locations/us-central1/operations/operation-1781409888228-6542ecf96558c-f718beb4-b23bbbc9 {"name":"projects/ridermind-f546f/locations/us-central1/operations/operation-1781409888228-6542ecf96558c-f718beb4-b23bbbc9","metadata":{"@type":"type.googleapis.com/google.cloud.functions.v2.OperationMetadata","createTime":"2026-06-14T04:04:49.349847727Z","endTime":"2026-06-14T04:06:02.054100661Z","target":"projects/ridermind-f546f/locations/us-central1/functions/api","verb":"update","cancelRequested":false,"apiVersion":"v2","requestResource":{"@type":"type.googleapis.com/google.cloud.functions.v2.Function","name":"projects/ridermind-f546f/locations/us-central1/functions/api","buildConfig":{"runtime":"nodejs20","entryPoint":"api","source":{"storageSource":{"bucket":"gcf-v2-sources-422879281404-us-central1","object":"api/function-source.zip","generation":"1781409889300168"}},"environmentVariables":{"GOOGLE_NODE_RUN_SCRIPTS":""},"dockerRepository":"projects/ridermind-f546f/locations/us-central1/repositories/gcf-artifacts","sourceProvenance":{"resolvedStorageSource":{"bucket":"gcf-v2-sources-422879281404-us-central1","object":"api/function-source.zip","generation":"1781404268666112"}},"dockerRegistry":"ARTIFACT_REGISTRY","serviceAccount":"projects/ridermind-f546f/serviceAccounts/422879281404-compute@developer.gserviceaccount.com","automaticUpdatePolicy":{}},"serviceConfig":{"service":"projects/ridermind-f546f/locations/us-central1/services/api","timeoutSeconds":60,"environmentVariables":{"FIREBASE_CONFIG":"{\"projectId\":\"ridermind-f546f\",\"storageBucket\":\"ridermind-f546f.firebasestorage.app\"}","GCLOUD_PROJECT":"ridermind-f546f","EVENTARC_CLOUD_EVENT_SOURCE":"projects/ridermind-f546f/locations/us-central1/services/api","FUNCTION_TARGET":"api","LOG_EXECUTION_ID":"true"},"maxInstanceCount":10,"ingressSettings":"ALLOW_ALL","uri":"https://api-a2mulwfgra-uc.a.run.app","serviceAccountEmail":"422879281404-compute@developer.gserviceaccount.com","availableMemory":"512Mi","allTrafficOnLatestRevision":true,"revision":"api-00001-rab","maxInstanceRequestConcurrency":80,"availableCpu":"1"},"state":"ACTIVE","labels":{"deployment-tool":"cloudfunctions","firebase-functions-hash":"7c1d3c9bc97ce9039b1cb1024334c13ed5108b80"},"environment":"GEN_2","url":"https://us-central1-ridermind-f546f.cloudfunctions.net/api","satisfiesPzi":true},"stages":[{"name":"BUILD","message":"Build finished","state":"COMPLETE","resource":"projects/422879281404/locations/us-central1/builds/aaa47c68-eb9c-4953-b15e-0bad45ae289f","resourceUri":"https://console.cloud.google.com/cloud-build/builds;region=us-central1/aaa47c68-eb9c-4953-b15e-0bad45ae289f?project=422879281404"},{"name":"SERVICE","message":"Updating Cloud Run service","state":"COMPLETE","resource":"projects/ridermind-f546f/locations/us-central1/services/api","resourceUri":"https://console.cloud.google.com/run/detail/us-central1/api?project=ridermind-f546f","stateMessages":[{"severity":"INFO","type":"CloudRunServiceNewRevisionTrafficInfo","message":"A new revision will be deployed serving with 100% traffic."}]}],"sourceToken":"Cldwcm9qZWN0cy80MjI4NzkyODE0MDQvbG9jYXRpb25zL3VzLWNlbnRyYWwxL2J1aWxkcy9hYWE0N2M2OC1lYjljLTQ5NTMtYjE1ZS0wYmFkNDVhZTI4OWYSZnVzLWNlbnRyYWwxLWRvY2tlci5wa2cuZGV2L3JpZGVybWluZC1mNTQ2Zi9nY2YtYXJ0aWZhY3RzL3JpZGVybWluZC0tZjU0NmZfX3VzLS1jZW50cmFsMV9fYXBpOnZlcnNpb25fMRj8gcespwwiPHByb2plY3RzL3JpZGVybWluZC1mNTQ2Zi9sb2NhdGlvbnMvdXMtY2VudHJhbDEvZnVuY3Rpb25zL2FwaSoLCI7RuNEGEJj2sF8yCG5vZGVqczIwOnYKI2djci5pby9nYWUtcnVudGltZXMvbm9kZWpzMjA6c3RhYmxlEk91cy1jZW50cmFsMS1kb2NrZXIucGtnLmRldi9zZXJ2ZXJsZXNzLXJ1bnRpbWVzL2dvb2dsZS0yMi1mdWxsL3J1bnRpbWVzL25vZGVqczIwQAE=","operationType":"UPDATE_FUNCTION","buildName":"projects/422879281404/locations/us-central1/builds/aaa47c68-eb9c-4953-b15e-0bad45ae289f"},"done":true,"response":{"@type":"type.googleapis.com/google.cloud.functions.v2.Function","name":"projects/ridermind-f546f/locations/us-central1/functions/api","buildConfig":{"build":"projects/422879281404/locations/us-central1/builds/aaa47c68-eb9c-4953-b15e-0bad45ae289f","runtime":"nodejs20","entryPoint":"api","source":{"storageSource":{"bucket":"gcf-v2-sources-422879281404-us-central1","object":"api/function-source.zip","generation":"1781409889300168"}},"environmentVariables":{"GOOGLE_NODE_RUN_SCRIPTS":""},"dockerRepository":"projects/ridermind-f546f/locations/us-central1/repositories/gcf-artifacts","sourceProvenance":{"resolvedStorageSource":{"bucket":"gcf-v2-sources-422879281404-us-central1","object":"api/function-source.zip","generation":"1781409889300168"}},"dockerRegistry":"ARTIFACT_REGISTRY","serviceAccount":"projects/ridermind-f546f/serviceAccounts/422879281404-compute@developer.gserviceaccount.com","automaticUpdatePolicy":{}},"serviceConfig":{"service":"projects/ridermind-f546f/locations/us-central1/services/api","timeoutSeconds":60,"environmentVariables":{"FIREBASE_CONFIG":"{\"projectId\":\"ridermind-f546f\",\"storageBucket\":\"ridermind-f546f.firebasestorage.app\"}","GCLOUD_PROJECT":"ridermind-f546f","EVENTARC_CLOUD_EVENT_SOURCE":"projects/ridermind-f546f/locations/us-central1/services/api","FUNCTION_TARGET":"api","LOG_EXECUTION_ID":"true"},"maxInstanceCount":10,"ingressSettings":"ALLOW_ALL","uri":"https://api-a2mulwfgra-uc.a.run.app","serviceAccountEmail":"422879281404-compute@developer.gserviceaccount.com","availableMemory":"512Mi","allTrafficOnLatestRevision":true,"revision":"api-00002-vog","maxInstanceRequestConcurrency":80,"availableCpu":"1"},"state":"ACTIVE","updateTime":"2026-06-14T04:04:49.352383343Z","labels":{"deployment-tool":"cli-firebase","firebase-functions-hash":"7c1d3c9bc97ce9039b1cb1024334c13ed5108b80"},"environment":"GEN_2","url":"https://us-central1-ridermind-f546f.cloudfunctions.net/api","createTime":"2026-06-11T19:02:53.278614909Z","satisfiesPzi":true}}
[debug] [2026-06-14T04:06:05.540Z] Got source token Cldwcm9qZWN0cy80MjI4NzkyODE0MDQvbG9jYXRpb25zL3VzLWNlbnRyYWwxL2J1aWxkcy9hYWE0N2M2OC1lYjljLTQ5NTMtYjE1ZS0wYmFkNDVhZTI4OWYSZnVzLWNlbnRyYWwxLWRvY2tlci5wa2cuZGV2L3JpZGVybWluZC1mNTQ2Zi9nY2YtYXJ0aWZhY3RzL3JpZGVybWluZC0tZjU0NmZfX3VzLS1jZW50cmFsMV9fYXBpOnZlcnNpb25fMRj8gcespwwiPHByb2plY3RzL3JpZGVybWluZC1mNTQ2Zi9sb2NhdGlvbnMvdXMtY2VudHJhbDEvZnVuY3Rpb25zL2FwaSoLCI7RuNEGEJj2sF8yCG5vZGVqczIwOnYKI2djci5pby9nYWUtcnVudGltZXMvbm9kZWpzMjA6c3RhYmxlEk91cy1jZW50cmFsMS1kb2NrZXIucGtnLmRldi9zZXJ2ZXJsZXNzLXJ1bnRpbWVzL2dvb2dsZS0yMi1mdWxsL3J1bnRpbWVzL25vZGVqczIwQAE= for region us-central1
[debug] [2026-06-14T04:06:05.541Z] Checked if tokens are valid: true, expires at: 1781412727002
[debug] [2026-06-14T04:06:05.541Z] Checked if tokens are valid: true, expires at: 1781412727002
[debug] [2026-06-14T04:06:05.541Z] >>> [apiv2][query] GET https://run.googleapis.com/v1/projects/ridermind-f546f/locations/us-central1/services/api:getIamPolicy [none]
[debug] [2026-06-14T04:06:07.087Z] <<< [apiv2][status] GET https://run.googleapis.com/v1/projects/ridermind-f546f/locations/us-central1/services/api:getIamPolicy 200
[debug] [2026-06-14T04:06:07.088Z] <<< [apiv2][body] GET https://run.googleapis.com/v1/projects/ridermind-f546f/locations/us-central1/services/api:getIamPolicy {"etag":"ACAB"}
[debug] [2026-06-14T04:06:07.088Z] Checked if tokens are valid: true, expires at: 1781412727002
[debug] [2026-06-14T04:06:07.088Z] Checked if tokens are valid: true, expires at: 1781412727002
[debug] [2026-06-14T04:06:07.088Z] >>> [apiv2][query] POST https://run.googleapis.com/v1/projects/ridermind-f546f/locations/us-central1/services/api:setIamPolicy [none]
[debug] [2026-06-14T04:06:07.089Z] >>> [apiv2][body] POST https://run.googleapis.com/v1/projects/ridermind-f546f/locations/us-central1/services/api:setIamPolicy {"policy":{"bindings":[{"role":"roles/run.invoker","members":["allUsers"]}],"etag":"ACAB","version":3},"updateMask":"bindings,etag,version"}
[debug] [2026-06-14T04:06:08.407Z] <<< [apiv2][status] POST https://run.googleapis.com/v1/projects/ridermind-f546f/locations/us-central1/services/api:setIamPolicy 200
[debug] [2026-06-14T04:06:08.407Z] <<< [apiv2][body] POST https://run.googleapis.com/v1/projects/ridermind-f546f/locations/us-central1/services/api:setIamPolicy {"version":1,"etag":"BwZULtSPOGI=","bindings":[{"role":"roles/run.invoker","members":["allUsers"]}]}
[info] +  functions[api(us-central1)] Successful update operation. 
[debug] [2026-06-14T04:06:08.409Z] Total Function Deployment time: 84560
[debug] [2026-06-14T04:06:08.409Z] 1 Functions Deployed
[debug] [2026-06-14T04:06:08.409Z] 0 Functions Errored
[debug] [2026-06-14T04:06:08.409Z] 0 Function Deployments Aborted
[debug] [2026-06-14T04:06:08.409Z] Average Function Deployment time: 84559
[info] Function URL (api(us-central1)): https://api-a2mulwfgra-uc.a.run.app
[debug] [2026-06-14T04:06:08.410Z] Checked if tokens are valid: true, expires at: 1781412727002
[debug] [2026-06-14T04:06:08.410Z] Checked if tokens are valid: true, expires at: 1781412727002
[debug] [2026-06-14T04:06:08.410Z] >>> [apiv2][query] GET https://artifactregistry.googleapis.com/v1/projects/ridermind-f546f/locations/us-central1/repositories/gcf-artifacts [none]
[debug] [2026-06-14T04:06:09.943Z] <<< [apiv2][status] GET https://artifactregistry.googleapis.com/v1/projects/ridermind-f546f/locations/us-central1/repositories/gcf-artifacts 200
[debug] [2026-06-14T04:06:38.668Z] ----------------------------------------------------------------------
[debug] [2026-06-14T04:06:38.670Z] Command:       C:\Program Files\nodejs\node.exe C:\Users\sean\AppData\Local\npm-cache\_npx\ba4f1959e38407b5\node_modules\firebase-tools\lib\bin\firebase.js firestore:databases:list --project ridermind-f546f
[debug] [2026-06-14T04:06:38.670Z] CLI Version:   15.20.0
[debug] [2026-06-14T04:06:38.670Z] Platform:      win32
[debug] [2026-06-14T04:06:38.670Z] Node Version:  v24.13.0
[debug] [2026-06-14T04:06:38.671Z] Time:          Sun Jun 14 2026 12:06:38 GMT+0800 (Philippine Standard Time)
[debug] [2026-06-14T04:06:38.671Z] ----------------------------------------------------------------------
[debug] 
[debug] [2026-06-14T04:06:39.777Z] > command requires scopes: ["email","openid","https://www.googleapis.com/auth/cloudplatformprojects.readonly","https://www.googleapis.com/auth/firebase","https://www.googleapis.com/auth/cloud-platform"]
[debug] [2026-06-14T04:06:39.778Z] > authorizing via signed-in user (kcseancalinao@gmail.com)
[debug] [2026-06-14T04:06:39.778Z] [iam] checking project ridermind-f546f for permissions ["datastore.databases.list","firebase.projects.get"]
[debug] [2026-06-14T04:06:39.779Z] Checked if tokens are valid: true, expires at: 1781412727002
[debug] [2026-06-14T04:06:39.779Z] Checked if tokens are valid: true, expires at: 1781412727002
[debug] [2026-06-14T04:06:39.780Z] >>> [apiv2][query] POST https://cloudresourcemanager.googleapis.com/v1/projects/ridermind-f546f:testIamPermissions [none]
[debug] [2026-06-14T04:06:39.780Z] >>> [apiv2][(partial)header] POST https://cloudresourcemanager.googleapis.com/v1/projects/ridermind-f546f:testIamPermissions  x-goog-user-project=ridermind-f546f
[debug] [2026-06-14T04:06:39.780Z] >>> [apiv2][body] POST https://cloudresourcemanager.googleapis.com/v1/projects/ridermind-f546f:testIamPermissions {"permissions":["datastore.databases.list","firebase.projects.get"]}
[debug] [2026-06-14T04:06:40.755Z] <<< [apiv2][status] POST https://cloudresourcemanager.googleapis.com/v1/projects/ridermind-f546f:testIamPermissions 200
[debug] [2026-06-14T04:06:40.756Z] <<< [apiv2][body] POST https://cloudresourcemanager.googleapis.com/v1/projects/ridermind-f546f:testIamPermissions {"permissions":["datastore.databases.list","firebase.projects.get"]}
[debug] [2026-06-14T04:06:40.756Z] Checked if tokens are valid: true, expires at: 1781412727002
[debug] [2026-06-14T04:06:40.756Z] Checked if tokens are valid: true, expires at: 1781412727002
[debug] [2026-06-14T04:06:40.756Z] >>> [apiv2][query] GET https://firestore.googleapis.com/v1/projects/ridermind-f546f/databases [none]
[debug] [2026-06-14T04:06:41.465Z] <<< [apiv2][status] GET https://firestore.googleapis.com/v1/projects/ridermind-f546f/databases 200
